time="2025-03-14T11:12:58+01:00" level=info msg="New request: POST localhost:3005/"
time="2025-03-14T11:12:58+01:00" level=info msg="Rendering page from data URL"
time="2025-03-14T11:12:58+01:00" level=info msg="Navigating to data URL"
time="2025-03-14T11:12:59+01:00" level=info msg="Page loaded in 1.2363745s"
time="2025-03-14T11:12:59+01:00" level=info msg="Printing page 'Basis bhv eerste hulp - 123-456-788 - J.H. Von Arensman'"
time="2025-03-14T11:12:59+01:00" level=info msg="Rendered PDF in 137.18375ms"
time="2025-03-14T11:13:02+01:00" level=info msg="New request: POST localhost:3005/"
time="2025-03-14T11:13:02+01:00" level=info msg="Rendering page from data URL"
time="2025-03-14T11:13:02+01:00" level=info msg="Navigating to data URL"
time="2025-03-14T11:13:04+01:00" level=info msg="Page loaded in 1.209963916s"
time="2025-03-14T11:13:04+01:00" level=info msg="Printing page 'Basis bhv eerste hulp - 123-456-788 - J.H. Von Arensman'"
time="2025-03-14T11:13:04+01:00" level=info msg="Rendered PDF in 128.858459ms"
time="2025-03-14T11:13:08+01:00" level=info msg="New request: POST localhost:3005/"
time="2025-03-14T11:13:08+01:00" level=info msg="Rendering page from data URL"
time="2025-03-14T11:13:08+01:00" level=info msg="Navigating to data URL"
time="2025-03-14T11:13:09+01:00" level=info msg="Page loaded in 1.21356875s"
time="2025-03-14T11:13:09+01:00" level=info msg="Printing page 'Basis bhv eerste hulp - 123-456-788 - J.H. Von Arensman'"
time="2025-03-14T11:13:09+01:00" level=info msg="Rendered PDF in 143.691292ms"
time="2025-03-14T11:13:28+01:00" level=info msg="New request: POST localhost:3005/"
time="2025-03-14T11:13:28+01:00" level=info msg="Rendering page from data URL"
time="2025-03-14T11:13:28+01:00" level=info msg="Navigating to data URL"
time="2025-03-14T11:13:29+01:00" level=info msg="Page loaded in 1.207252667s"
time="2025-03-14T11:13:29+01:00" level=info msg="Printing page 'Basis bhv eerste hulp - 123-456-788 - J.H. Von Arensman'"
time="2025-03-14T11:13:29+01:00" level=info msg="Rendered PDF in 131.24975ms"
time="2025-03-14T12:01:20+01:00" level=info msg="New request: POST localhost:3005/"
time="2025-03-14T12:01:21+01:00" level=info msg="Rendering page from data URL"
time="2025-03-14T12:01:21+01:00" level=info msg="Navigating to data URL"
time="2025-03-14T12:01:22+01:00" level=info msg="Page loaded in 1.227140083s"
time="2025-03-14T12:01:22+01:00" level=info msg="Printing page 'Basis bhv eerste hulp - 123-456-788 - J.H. Von Arensman'"
time="2025-03-14T12:01:22+01:00" level=info msg="Rendered PDF in 143.265625ms"
time="2025-03-14T12:04:02+01:00" level=info msg="New request: POST localhost:3005/"
time="2025-03-14T12:04:02+01:00" level=info msg="Rendering page from data URL"
time="2025-03-14T12:04:02+01:00" level=info msg="Navigating to data URL"
time="2025-03-14T12:04:03+01:00" level=info msg="Page loaded in 1.228963375s"
time="2025-03-14T12:04:03+01:00" level=info msg="Printing page 'Basis bhv eerste hulp - 123-456-788 - J.H. Von Arensman'"
time="2025-03-14T12:04:04+01:00" level=info msg="Rendered PDF in 154.689209ms"
time="2025-03-14T12:04:49+01:00" level=info msg="New request: POST localhost:3005/"
time="2025-03-14T12:04:49+01:00" level=info msg="Rendering page from data URL"
time="2025-03-14T12:04:49+01:00" level=info msg="Navigating to data URL"
time="2025-03-14T12:04:51+01:00" level=info msg="Page loaded in 1.216089166s"
time="2025-03-14T12:04:51+01:00" level=info msg="Printing page 'Basis bhv eerste hulp - 123-456-788 - J.H. Von Arensman'"
time="2025-03-14T12:04:51+01:00" level=info msg="Rendered PDF in 128.824709ms"
time="2025-03-14T12:06:46+01:00" level=info msg="New request: POST localhost:3005/"
time="2025-03-14T12:06:46+01:00" level=info msg="Rendering page from data URL"
time="2025-03-14T12:06:46+01:00" level=info msg="Navigating to data URL"
time="2025-03-14T12:06:48+01:00" level=info msg="Page loaded in 1.29998175s"
time="2025-03-14T12:06:48+01:00" level=info msg="Printing page 'Basis bhv eerste hulp - 123-456-788 - J.H. Von Arensman'"
time="2025-03-14T12:06:48+01:00" level=info msg="Rendered PDF in 138.160167ms"
time="2025-03-14T12:07:02+01:00" level=info msg="New request: POST localhost:3005/"
time="2025-03-14T12:07:02+01:00" level=info msg="Rendering page from data URL"
time="2025-03-14T12:07:02+01:00" level=info msg="Navigating to data URL"
time="2025-03-14T12:07:03+01:00" level=info msg="Page loaded in 1.203390958s"
time="2025-03-14T12:07:03+01:00" level=info msg="Printing page 'Basis bhv eerste hulp - 123-456-788 - J.H. Von Arensman'"
time="2025-03-14T12:07:03+01:00" level=info msg="Rendered PDF in 137.961041ms"
time="2025-03-14T12:10:02+01:00" level=info msg="New request: POST localhost:3005/"
time="2025-03-14T12:10:02+01:00" level=info msg="Rendering page from data URL"
time="2025-03-14T12:10:02+01:00" level=info msg="Navigating to data URL"
time="2025-03-14T12:10:03+01:00" level=info msg="Page loaded in 1.19154s"
time="2025-03-14T12:10:03+01:00" level=info msg="Printing page 'Basis bhv eerste hulp - 123-456-788 - J.H. Von Arensman'"
time="2025-03-14T12:10:03+01:00" level=info msg="Rendered PDF in 134.571958ms"
time="2025-03-14T12:10:49+01:00" level=info msg="New request: POST localhost:3005/"
time="2025-03-14T12:10:49+01:00" level=info msg="Rendering page from data URL"
time="2025-03-14T12:10:49+01:00" level=info msg="Navigating to data URL"
time="2025-03-14T12:10:50+01:00" level=info msg="Page loaded in 1.132209458s"
time="2025-03-14T12:10:50+01:00" level=info msg="Printing page 'Basis bhv eerste hulp - 123-456-788 - J.H. Von Arensman'"
time="2025-03-14T12:10:50+01:00" level=info msg="Rendered PDF in 143.641333ms"
time="2025-03-14T12:11:02+01:00" level=info msg="New request: POST localhost:3005/"
time="2025-03-14T12:11:02+01:00" level=info msg="Rendering page from data URL"
time="2025-03-14T12:11:02+01:00" level=info msg="Navigating to data URL"
time="2025-03-14T12:11:04+01:00" level=info msg="Page loaded in 1.129368375s"
time="2025-03-14T12:11:04+01:00" level=info msg="Printing page 'Basis bhv eerste hulp - 123-456-788 - J.H. Von Arensman'"
time="2025-03-14T12:11:04+01:00" level=info msg="Rendered PDF in 130.489209ms"
time="2025-03-14T12:12:33+01:00" level=info msg="New request: POST localhost:3005/"
time="2025-03-14T12:12:33+01:00" level=info msg="Rendering page from data URL"
time="2025-03-14T12:12:33+01:00" level=info msg="Navigating to data URL"
time="2025-03-14T12:12:34+01:00" level=info msg="Page loaded in 1.148110084s"
time="2025-03-14T12:12:34+01:00" level=info msg="Printing page 'Basis bhv eerste hulp - 123-456-788 - J.H. Von Arensman'"
time="2025-03-14T12:12:35+01:00" level=info msg="Rendered PDF in 138.400125ms"
time="2025-03-14T12:16:00+01:00" level=info msg="New request: POST localhost:3005/"
time="2025-03-14T12:16:00+01:00" level=info msg="Rendering page from data URL"
time="2025-03-14T12:16:00+01:00" level=info msg="Navigating to data URL"
time="2025-03-14T12:16:01+01:00" level=info msg="Page loaded in 1.137817833s"
time="2025-03-14T12:16:01+01:00" level=info msg="Printing page 'Basis bhv eerste hulp - 123-456-788 - J.H. Von Arensman'"
time="2025-03-14T12:16:01+01:00" level=info msg="Rendered PDF in 133.447958ms"
time="2025-03-14T12:20:09+01:00" level=info msg="New request: POST localhost:3005/"
time="2025-03-14T12:20:09+01:00" level=info msg="New request: POST localhost:3005/"
time="2025-03-14T12:20:09+01:00" level=info msg="New request: POST localhost:3005/"
time="2025-03-14T12:20:09+01:00" level=info msg="Rendering page from data URL"
time="2025-03-14T12:20:09+01:00" level=info msg="Navigating to data URL"
time="2025-03-14T12:20:09+01:00" level=info msg="Rendering page from data URL"
time="2025-03-14T12:20:09+01:00" level=info msg="Navigating to data URL"
time="2025-03-14T12:20:09+01:00" level=info msg="New request: POST localhost:3005/"
time="2025-03-14T12:20:09+01:00" level=info msg="New request: POST localhost:3005/"
time="2025-03-14T12:20:09+01:00" level=info msg="New request: POST localhost:3005/"
time="2025-03-14T12:20:09+01:00" level=info msg="New request: POST localhost:3005/"
time="2025-03-14T12:20:09+01:00" level=info msg="New request: POST localhost:3005/"
time="2025-03-14T12:20:09+01:00" level=info msg="New request: POST localhost:3005/"
time="2025-03-14T12:20:09+01:00" level=info msg="Rendering page from data URL"
time="2025-03-14T12:20:09+01:00" level=info msg="Navigating to data URL"
time="2025-03-14T12:20:09+01:00" level=info msg="Rendering page from data URL"
time="2025-03-14T12:20:09+01:00" level=info msg="Rendering page from data URL"
time="2025-03-14T12:20:09+01:00" level=info msg="Navigating to data URL"
time="2025-03-14T12:20:09+01:00" level=info msg="Navigating to data URL"
time="2025-03-14T12:20:09+01:00" level=info msg="New request: POST localhost:3005/"
time="2025-03-14T12:20:09+01:00" level=info msg="New request: POST localhost:3005/"
time="2025-03-14T12:20:11+01:00" level=info msg="Page loaded in 1.52046975s"
time="2025-03-14T12:20:11+01:00" level=info msg="Page loaded in 1.5106935s"
time="2025-03-14T12:20:11+01:00" level=info msg="Page loaded in 1.508710917s"
time="2025-03-14T12:20:11+01:00" level=info msg="Page loaded in 1.516599875s"
time="2025-03-14T12:20:11+01:00" level=info msg="Page loaded in 1.520022959s"
time="2025-03-14T12:20:11+01:00" level=info msg="Printing page 'Basis bhv eerste hulp - 123-456-788 - J.H. Von Arensman'"
time="2025-03-14T12:20:11+01:00" level=info msg="Printing page 'Basis bhv eerste hulp - 123-456-788 - J.H. Von Arensman'"
time="2025-03-14T12:20:11+01:00" level=info msg="Printing page 'Basis bhv eerste hulp - 123-456-788 - J.H. Von Arensman'"
time="2025-03-14T12:20:11+01:00" level=info msg="Printing page 'Basis bhv eerste hulp - 123-456-788 - J.H. Von Arensman'"
time="2025-03-14T12:20:11+01:00" level=info msg="Printing page 'Basis bhv eerste hulp - 123-456-788 - J.H. Von Arensman'"
time="2025-03-14T12:20:11+01:00" level=info msg="Rendered PDF in 167.250125ms"
time="2025-03-14T12:20:11+01:00" level=info msg="Rendering page from data URL"
time="2025-03-14T12:20:11+01:00" level=info msg="Navigating to data URL"
time="2025-03-14T12:20:11+01:00" level=info msg="Rendered PDF in 191.853166ms"
time="2025-03-14T12:20:11+01:00" level=info msg="Rendered PDF in 285.414375ms"
time="2025-03-14T12:20:11+01:00" level=info msg="Rendered PDF in 286.265167ms"
time="2025-03-14T12:20:11+01:00" level=info msg="Rendered PDF in 286.789375ms"
time="2025-03-14T12:20:11+01:00" level=info msg="Rendering page from data URL"
time="2025-03-14T12:20:11+01:00" level=info msg="Navigating to data URL"
time="2025-03-14T12:20:11+01:00" level=info msg="Rendering page from data URL"
time="2025-03-14T12:20:11+01:00" level=info msg="Navigating to data URL"
time="2025-03-14T12:20:11+01:00" level=info msg="Rendering page from data URL"
time="2025-03-14T12:20:11+01:00" level=info msg="Navigating to data URL"
time="2025-03-14T12:20:11+01:00" level=info msg="Rendering page from data URL"
time="2025-03-14T12:20:11+01:00" level=info msg="Navigating to data URL"
time="2025-03-14T12:20:12+01:00" level=info msg="Page loaded in 1.1301945s"
time="2025-03-14T12:20:12+01:00" level=info msg="Printing page 'Basis bhv eerste hulp - 123-456-788 - J.H. Von Arensman'"
time="2025-03-14T12:20:12+01:00" level=info msg="Rendered PDF in 144.203125ms"
time="2025-03-14T12:20:12+01:00" level=info msg="Rendering page from data URL"
time="2025-03-14T12:20:12+01:00" level=info msg="Navigating to data URL"
time="2025-03-14T12:20:12+01:00" level=info msg="Page loaded in 1.300313417s"
time="2025-03-14T12:20:12+01:00" level=info msg="Page loaded in 1.289267375s"
time="2025-03-14T12:20:12+01:00" level=info msg="Page loaded in 1.201400584s"
time="2025-03-14T12:20:12+01:00" level=info msg="Printing page 'Basis bhv eerste hulp - 123-456-788 - J.H. Von Arensman'"
time="2025-03-14T12:20:12+01:00" level=info msg="Page loaded in 1.09832725s"
time="2025-03-14T12:20:12+01:00" level=info msg="Printing page 'Basis bhv eerste hulp - 123-456-788 - J.H. Von Arensman'"
time="2025-03-14T12:20:12+01:00" level=info msg="Printing page 'Basis bhv eerste hulp - 123-456-788 - J.H. Von Arensman'"
time="2025-03-14T12:20:12+01:00" level=info msg="Printing page 'Basis bhv eerste hulp - 123-456-788 - J.H. Von Arensman'"
time="2025-03-14T12:20:12+01:00" level=info msg="Rendered PDF in 137.011083ms"
time="2025-03-14T12:20:12+01:00" level=info msg="Rendered PDF in 153.096584ms"
time="2025-03-14T12:20:12+01:00" level=info msg="Rendered PDF in 173.895958ms"
time="2025-03-14T12:20:12+01:00" level=info msg="Rendered PDF in 193.687458ms"
time="2025-03-14T12:20:13+01:00" level=info msg="Page loaded in 1.113181625s"
time="2025-03-14T12:20:13+01:00" level=info msg="Printing page 'Basis bhv eerste hulp - 123-456-788 - J.H. Von Arensman'"
time="2025-03-14T12:20:13+01:00" level=info msg="Rendered PDF in 132.400625ms"
time="2025-03-14T12:21:16+01:00" level=info msg="New request: POST localhost:3005/"
time="2025-03-14T12:21:16+01:00" level=info msg="New request: POST localhost:3005/"
time="2025-03-14T12:21:16+01:00" level=info msg="New request: POST localhost:3005/"
time="2025-03-14T12:21:16+01:00" level=info msg="New request: POST localhost:3005/"
time="2025-03-14T12:21:16+01:00" level=info msg="New request: POST localhost:3005/"
time="2025-03-14T12:21:16+01:00" level=info msg="New request: POST localhost:3005/"
time="2025-03-14T12:21:16+01:00" level=info msg="New request: POST localhost:3005/"
time="2025-03-14T12:21:16+01:00" level=info msg="New request: POST localhost:3005/"
time="2025-03-14T12:21:16+01:00" level=info msg="New request: POST localhost:3005/"
time="2025-03-14T12:21:16+01:00" level=info msg="Rendering page from data URL"
time="2025-03-14T12:21:16+01:00" level=info msg="Navigating to data URL"
time="2025-03-14T12:21:16+01:00" level=info msg="New request: POST localhost:3005/"
time="2025-03-14T12:21:16+01:00" level=info msg="New request: POST localhost:3005/"
time="2025-03-14T12:21:16+01:00" level=info msg="New request: POST localhost:3005/"
time="2025-03-14T12:21:16+01:00" level=info msg="New request: POST localhost:3005/"
time="2025-03-14T12:21:16+01:00" level=info msg="New request: POST localhost:3005/"
time="2025-03-14T12:21:16+01:00" level=info msg="New request: POST localhost:3005/"
time="2025-03-14T12:21:16+01:00" level=info msg="Rendering page from data URL"
time="2025-03-14T12:21:16+01:00" level=info msg="New request: POST localhost:3005/"
time="2025-03-14T12:21:16+01:00" level=info msg="Navigating to data URL"
time="2025-03-14T12:21:16+01:00" level=info msg="Rendering page from data URL"
time="2025-03-14T12:21:16+01:00" level=info msg="Navigating to data URL"
time="2025-03-14T12:21:16+01:00" level=info msg="New request: POST localhost:3005/"
time="2025-03-14T12:21:16+01:00" level=info msg="New request: POST localhost:3005/"
time="2025-03-14T12:21:16+01:00" level=info msg="New request: POST localhost:3005/"
time="2025-03-14T12:21:16+01:00" level=info msg="New request: POST localhost:3005/"
time="2025-03-14T12:21:16+01:00" level=info msg="Rendering page from data URL"
time="2025-03-14T12:21:16+01:00" level=info msg="Navigating to data URL"
time="2025-03-14T12:21:16+01:00" level=info msg="Rendering page from data URL"
time="2025-03-14T12:21:16+01:00" level=info msg="Navigating to data URL"
time="2025-03-14T12:21:16+01:00" level=info msg="New request: POST localhost:3005/"
time="2025-03-14T12:21:17+01:00" level=info msg="Page loaded in 1.537138459s"
time="2025-03-14T12:21:17+01:00" level=info msg="Page loaded in 1.529218041s"
time="2025-03-14T12:21:17+01:00" level=info msg="Page loaded in 1.528338041s"
time="2025-03-14T12:21:17+01:00" level=info msg="Page loaded in 1.5318275s"
time="2025-03-14T12:21:17+01:00" level=info msg="Page loaded in 1.532029041s"
time="2025-03-14T12:21:17+01:00" level=info msg="Printing page 'Basis bhv eerste hulp - 123-456-788 - J.H. Von Arensman'"
time="2025-03-14T12:21:17+01:00" level=info msg="Printing page 'Basis bhv eerste hulp - 123-456-788 - J.H. Von Arensman'"
time="2025-03-14T12:21:17+01:00" level=info msg="Printing page 'Basis bhv eerste hulp - 123-456-788 - J.H. Von Arensman'"
time="2025-03-14T12:21:17+01:00" level=info msg="Printing page 'Basis bhv eerste hulp - 123-456-788 - J.H. Von Arensman'"
time="2025-03-14T12:21:17+01:00" level=info msg="Printing page 'Basis bhv eerste hulp - 123-456-788 - J.H. Von Arensman'"
time="2025-03-14T12:21:18+01:00" level=info msg="Rendered PDF in 160.194292ms"
time="2025-03-14T12:21:18+01:00" level=info msg="Rendered PDF in 180.780083ms"
time="2025-03-14T12:21:18+01:00" level=info msg="Rendering page from data URL"
time="2025-03-14T12:21:18+01:00" level=info msg="Navigating to data URL"
time="2025-03-14T12:21:18+01:00" level=info msg="Rendered PDF in 201.055083ms"
time="2025-03-14T12:21:18+01:00" level=info msg="Rendering page from data URL"
time="2025-03-14T12:21:18+01:00" level=info msg="Navigating to data URL"
time="2025-03-14T12:21:18+01:00" level=info msg="Rendered PDF in 310.257ms"
time="2025-03-14T12:21:18+01:00" level=info msg="Rendered PDF in 311.93875ms"
time="2025-03-14T12:21:18+01:00" level=info msg="Rendering page from data URL"
time="2025-03-14T12:21:18+01:00" level=info msg="Navigating to data URL"
time="2025-03-14T12:21:18+01:00" level=info msg="Rendering page from data URL"
time="2025-03-14T12:21:18+01:00" level=info msg="Navigating to data URL"
time="2025-03-14T12:21:18+01:00" level=info msg="Rendering page from data URL"
time="2025-03-14T12:21:18+01:00" level=info msg="Navigating to data URL"
time="2025-03-14T12:21:19+01:00" level=info msg="Page loaded in 1.204892458s"
time="2025-03-14T12:21:19+01:00" level=info msg="Page loaded in 1.192590041s"
time="2025-03-14T12:21:19+01:00" level=info msg="Printing page 'Basis bhv eerste hulp - 123-456-788 - J.H. Von Arensman'"
time="2025-03-14T12:21:19+01:00" level=info msg="Printing page 'Basis bhv eerste hulp - 123-456-788 - J.H. Von Arensman'"
time="2025-03-14T12:21:19+01:00" level=info msg="Rendered PDF in 137.583083ms"
time="2025-03-14T12:21:19+01:00" level=info msg="Rendering page from data URL"
time="2025-03-14T12:21:19+01:00" level=info msg="Navigating to data URL"
time="2025-03-14T12:21:19+01:00" level=info msg="Rendered PDF in 162.353ms"
time="2025-03-14T12:21:19+01:00" level=info msg="Rendering page from data URL"
time="2025-03-14T12:21:19+01:00" level=info msg="Navigating to data URL"
time="2025-03-14T12:21:19+01:00" level=info msg="Page loaded in 1.3697735s"
time="2025-03-14T12:21:19+01:00" level=info msg="Page loaded in 1.362775125s"
time="2025-03-14T12:21:19+01:00" level=info msg="Page loaded in 1.374928375s"
time="2025-03-14T12:21:19+01:00" level=info msg="Printing page 'Basis bhv eerste hulp - 123-456-788 - J.H. Von Arensman'"
time="2025-03-14T12:21:19+01:00" level=info msg="Printing page 'Basis bhv eerste hulp - 123-456-788 - J.H. Von Arensman'"
time="2025-03-14T12:21:19+01:00" level=info msg="Printing page 'Basis bhv eerste hulp - 123-456-788 - J.H. Von Arensman'"
time="2025-03-14T12:21:19+01:00" level=info msg="Rendered PDF in 139.811041ms"
time="2025-03-14T12:21:19+01:00" level=info msg="Rendering page from data URL"
time="2025-03-14T12:21:19+01:00" level=info msg="Navigating to data URL"
time="2025-03-14T12:21:19+01:00" level=info msg="Rendered PDF in 163.228666ms"
time="2025-03-14T12:21:20+01:00" level=info msg="Rendered PDF in 257.801292ms"
time="2025-03-14T12:21:20+01:00" level=info msg="Rendering page from data URL"
time="2025-03-14T12:21:20+01:00" level=info msg="Navigating to data URL"
time="2025-03-14T12:21:20+01:00" level=info msg="Rendering page from data URL"
time="2025-03-14T12:21:20+01:00" level=info msg="Navigating to data URL"
time="2025-03-14T12:21:20+01:00" level=info msg="Page loaded in 1.111816875s"
time="2025-03-14T12:21:20+01:00" level=info msg="Printing page 'Basis bhv eerste hulp - 123-456-788 - J.H. Von Arensman'"
time="2025-03-14T12:21:20+01:00" level=info msg="Page loaded in 1.109589917s"
time="2025-03-14T12:21:20+01:00" level=info msg="Printing page 'Basis bhv eerste hulp - 123-456-788 - J.H. Von Arensman'"
time="2025-03-14T12:21:20+01:00" level=info msg="Rendered PDF in 123.820125ms"
time="2025-03-14T12:21:20+01:00" level=info msg="Rendering page from data URL"
time="2025-03-14T12:21:20+01:00" level=info msg="Navigating to data URL"
time="2025-03-14T12:21:20+01:00" level=info msg="Rendered PDF in 122.469709ms"
time="2025-03-14T12:21:20+01:00" level=info msg="Rendering page from data URL"
time="2025-03-14T12:21:20+01:00" level=info msg="Navigating to data URL"
time="2025-03-14T12:21:21+01:00" level=info msg="Page loaded in 1.121087667s"
time="2025-03-14T12:21:21+01:00" level=info msg="Printing page 'Basis bhv eerste hulp - 123-456-788 - J.H. Von Arensman'"
time="2025-03-14T12:21:21+01:00" level=info msg="Rendered PDF in 145.76475ms"
time="2025-03-14T12:21:21+01:00" level=info msg="Rendering page from data URL"
time="2025-03-14T12:21:21+01:00" level=info msg="Navigating to data URL"
time="2025-03-14T12:21:21+01:00" level=info msg="Page loaded in 1.274285958s"
time="2025-03-14T12:21:21+01:00" level=info msg="Page loaded in 1.263669084s"
time="2025-03-14T12:21:21+01:00" level=info msg="Printing page 'Basis bhv eerste hulp - 123-456-788 - J.H. Von Arensman'"
time="2025-03-14T12:21:21+01:00" level=info msg="Printing page 'Basis bhv eerste hulp - 123-456-788 - J.H. Von Arensman'"
time="2025-03-14T12:21:21+01:00" level=info msg="Rendered PDF in 123.534458ms"
time="2025-03-14T12:21:21+01:00" level=info msg="Rendering page from data URL"
time="2025-03-14T12:21:21+01:00" level=info msg="Navigating to data URL"
time="2025-03-14T12:21:21+01:00" level=info msg="Rendered PDF in 148.546667ms"
time="2025-03-14T12:21:21+01:00" level=info msg="Rendering page from data URL"
time="2025-03-14T12:21:21+01:00" level=info msg="Navigating to data URL"
time="2025-03-14T12:21:21+01:00" level=info msg="Page loaded in 1.122945292s"
time="2025-03-14T12:21:21+01:00" level=info msg="Printing page 'Basis bhv eerste hulp - 123-456-788 - J.H. Von Arensman'"
time="2025-03-14T12:21:22+01:00" level=info msg="Rendered PDF in 125.470541ms"
time="2025-03-14T12:21:22+01:00" level=info msg="Page loaded in 1.127587291s"
time="2025-03-14T12:21:22+01:00" level=info msg="Printing page 'Basis bhv eerste hulp - 123-456-788 - J.H. Von Arensman'"
time="2025-03-14T12:21:22+01:00" level=info msg="Rendering page from data URL"
time="2025-03-14T12:21:22+01:00" level=info msg="Navigating to data URL"
time="2025-03-14T12:21:22+01:00" level=info msg="Rendered PDF in 127.784542ms"
time="2025-03-14T12:21:22+01:00" level=info msg="Page loaded in 1.116628458s"
time="2025-03-14T12:21:22+01:00" level=info msg="Printing page 'Basis bhv eerste hulp - 123-456-788 - J.H. Von Arensman'"
time="2025-03-14T12:21:22+01:00" level=info msg="Rendered PDF in 118.700459ms"
time="2025-03-14T12:21:22+01:00" level=info msg="Page loaded in 1.1129515s"
time="2025-03-14T12:21:22+01:00" level=info msg="Printing page 'Basis bhv eerste hulp - 123-456-788 - J.H. Von Arensman'"
time="2025-03-14T12:21:22+01:00" level=info msg="Page loaded in 1.117952584s"
time="2025-03-14T12:21:22+01:00" level=info msg="Printing page 'Basis bhv eerste hulp - 123-456-788 - J.H. Von Arensman'"
time="2025-03-14T12:21:22+01:00" level=info msg="Rendered PDF in 124.045167ms"
time="2025-03-14T12:21:22+01:00" level=info msg="Rendered PDF in 117.90025ms"
time="2025-03-14T12:21:23+01:00" level=info msg="Page loaded in 1.118936917s"
time="2025-03-14T12:21:23+01:00" level=info msg="Printing page 'Basis bhv eerste hulp - 123-456-788 - J.H. Von Arensman'"
time="2025-03-14T12:21:23+01:00" level=info msg="Rendered PDF in 132.990166ms"
time="2025-03-14T12:26:32+01:00" level=info msg="New request: POST localhost:3005/"
time="2025-03-14T12:26:32+01:00" level=info msg="New request: POST localhost:3005/"
time="2025-03-14T12:26:32+01:00" level=info msg="New request: POST localhost:3005/"
time="2025-03-14T12:26:32+01:00" level=info msg="New request: POST localhost:3005/"
time="2025-03-14T12:26:32+01:00" level=info msg="New request: POST localhost:3005/"
time="2025-03-14T12:26:32+01:00" level=info msg="New request: POST localhost:3005/"
time="2025-03-14T12:26:32+01:00" level=info msg="New request: POST localhost:3005/"
time="2025-03-14T12:26:32+01:00" level=info msg="New request: POST localhost:3005/"
time="2025-03-14T12:26:32+01:00" level=info msg="New request: POST localhost:3005/"
time="2025-03-14T12:26:32+01:00" level=info msg="New request: POST localhost:3005/"
time="2025-03-14T12:26:32+01:00" level=info msg="New request: POST localhost:3005/"
time="2025-03-14T12:26:32+01:00" level=info msg="New request: POST localhost:3005/"
time="2025-03-14T12:26:32+01:00" level=info msg="New request: POST localhost:3005/"
time="2025-03-14T12:26:32+01:00" level=info msg="New request: POST localhost:3005/"
time="2025-03-14T12:26:32+01:00" level=info msg="New request: POST localhost:3005/"
time="2025-03-14T12:26:32+01:00" level=info msg="New request: POST localhost:3005/"
time="2025-03-14T12:26:32+01:00" level=info msg="New request: POST localhost:3005/"
time="2025-03-14T12:26:32+01:00" level=info msg="New request: POST localhost:3005/"
time="2025-03-14T12:26:32+01:00" level=info msg="New request: POST localhost:3005/"
time="2025-03-14T12:26:32+01:00" level=info msg="New request: POST localhost:3005/"
time="2025-03-14T12:26:32+01:00" level=info msg="New request: POST localhost:3005/"
time="2025-03-14T12:26:32+01:00" level=info msg="Got page in 325.249292ms"
time="2025-03-14T12:26:32+01:00" level=info msg="Rendering page from data URL"
time="2025-03-14T12:26:32+01:00" level=info msg="Navigating to data URL"
time="2025-03-14T12:26:32+01:00" level=info msg="Got page in 335.039458ms"
time="2025-03-14T12:26:32+01:00" level=info msg="Rendering page from data URL"
time="2025-03-14T12:26:32+01:00" level=info msg="Navigating to data URL"
time="2025-03-14T12:26:33+01:00" level=info msg="Got page in 507.914917ms"
time="2025-03-14T12:26:33+01:00" level=info msg="Rendering page from data URL"
time="2025-03-14T12:26:33+01:00" level=info msg="Navigating to data URL"
time="2025-03-14T12:26:33+01:00" level=info msg="Got page in 757.486708ms"
time="2025-03-14T12:26:33+01:00" level=info msg="Rendering page from data URL"
time="2025-03-14T12:26:33+01:00" level=info msg="Navigating to data URL"
time="2025-03-14T12:26:33+01:00" level=info msg="Got page in 853.286834ms"
time="2025-03-14T12:26:33+01:00" level=info msg="Rendering page from data URL"
time="2025-03-14T12:26:33+01:00" level=info msg="Navigating to data URL"
time="2025-03-14T12:26:34+01:00" level=info msg="Page loaded in 1.40757275s"
time="2025-03-14T12:26:34+01:00" level=info msg="Printing page 'Basis bhv eerste hulp - 123-456-788 - J.H. Von Arensman'"
time="2025-03-14T12:26:34+01:00" level=info msg="Page loaded in 1.464958709s"
time="2025-03-14T12:26:34+01:00" level=info msg="Printing page 'Basis bhv eerste hulp - 123-456-788 - J.H. Von Arensman'"
time="2025-03-14T12:26:34+01:00" level=info msg="Rendered PDF in 152.761041ms"
time="2025-03-14T12:26:34+01:00" level=info msg="Got page in 1.907175708s"
time="2025-03-14T12:26:34+01:00" level=info msg="Rendering page from data URL"
time="2025-03-14T12:26:34+01:00" level=info msg="Navigating to data URL"
time="2025-03-14T12:26:34+01:00" level=info msg="Rendered PDF in 158.05275ms"
time="2025-03-14T12:26:34+01:00" level=info msg="Page loaded in 1.359408s"
time="2025-03-14T12:26:34+01:00" level=info msg="Printing page 'Basis bhv eerste hulp - 123-456-788 - J.H. Von Arensman'"
time="2025-03-14T12:26:34+01:00" level=info msg="Got page in 2.0265715s"
time="2025-03-14T12:26:34+01:00" level=info msg="Rendering page from data URL"
time="2025-03-14T12:26:34+01:00" level=info msg="Navigating to data URL"
time="2025-03-14T12:26:34+01:00" level=info msg="Rendered PDF in 183.705292ms"
time="2025-03-14T12:26:34+01:00" level=info msg="Page loaded in 1.370554959s"
time="2025-03-14T12:26:34+01:00" level=info msg="Printing page 'Basis bhv eerste hulp - 123-456-788 - J.H. Von Arensman'"
time="2025-03-14T12:26:34+01:00" level=info msg="Got page in 2.232939375s"
time="2025-03-14T12:26:34+01:00" level=info msg="Rendering page from data URL"
time="2025-03-14T12:26:34+01:00" level=info msg="Navigating to data URL"
time="2025-03-14T12:26:34+01:00" level=info msg="Page loaded in 1.336770084s"
time="2025-03-14T12:26:34+01:00" level=info msg="Printing page 'Basis bhv eerste hulp - 123-456-788 - J.H. Von Arensman'"
time="2025-03-14T12:26:34+01:00" level=info msg="Rendered PDF in 171.046083ms"
time="2025-03-14T12:26:34+01:00" level=info msg="Got page in 2.40559175s"
time="2025-03-14T12:26:34+01:00" level=info msg="Rendering page from data URL"
time="2025-03-14T12:26:34+01:00" level=info msg="Navigating to data URL"
time="2025-03-14T12:26:35+01:00" level=info msg="Rendered PDF in 146.186542ms"
time="2025-03-14T12:26:35+01:00" level=info msg="Got page in 2.529659041s"
time="2025-03-14T12:26:35+01:00" level=info msg="Rendering page from data URL"
time="2025-03-14T12:26:35+01:00" level=info msg="Navigating to data URL"
time="2025-03-14T12:26:35+01:00" level=info msg="Page loaded in 1.118221541s"
time="2025-03-14T12:26:35+01:00" level=info msg="Printing page 'Basis bhv eerste hulp - 123-456-788 - J.H. Von Arensman'"
time="2025-03-14T12:26:35+01:00" level=info msg="Page loaded in 1.115675583s"
time="2025-03-14T12:26:35+01:00" level=info msg="Printing page 'Basis bhv eerste hulp - 123-456-788 - J.H. Von Arensman'"
time="2025-03-14T12:26:35+01:00" level=info msg="Rendered PDF in 124.1995ms"
time="2025-03-14T12:26:35+01:00" level=info msg="Got page in 3.161457083s"
time="2025-03-14T12:26:35+01:00" level=info msg="Rendering page from data URL"
time="2025-03-14T12:26:35+01:00" level=info msg="Navigating to data URL"
time="2025-03-14T12:26:35+01:00" level=info msg="Rendered PDF in 130.205166ms"
time="2025-03-14T12:26:35+01:00" level=info msg="Got page in 3.285924125s"
time="2025-03-14T12:26:35+01:00" level=info msg="Rendering page from data URL"
time="2025-03-14T12:26:35+01:00" level=info msg="Navigating to data URL"
time="2025-03-14T12:26:35+01:00" level=info msg="Page loaded in 1.159885959s"
time="2025-03-14T12:26:35+01:00" level=info msg="Printing page 'Basis bhv eerste hulp - 123-456-788 - J.H. Von Arensman'"
time="2025-03-14T12:26:36+01:00" level=info msg="Page loaded in 1.112486417s"
time="2025-03-14T12:26:36+01:00" level=info msg="Printing page 'Basis bhv eerste hulp - 123-456-788 - J.H. Von Arensman'"
time="2025-03-14T12:26:36+01:00" level=info msg="Rendered PDF in 132.162833ms"
time="2025-03-14T12:26:36+01:00" level=info msg="Got page in 3.537474458s"
time="2025-03-14T12:26:36+01:00" level=info msg="Rendering page from data URL"
time="2025-03-14T12:26:36+01:00" level=info msg="Navigating to data URL"
time="2025-03-14T12:26:36+01:00" level=info msg="Rendered PDF in 125.257333ms"
time="2025-03-14T12:26:36+01:00" level=info msg="Got page in 3.656512417s"
time="2025-03-14T12:26:36+01:00" level=info msg="Rendering page from data URL"
time="2025-03-14T12:26:36+01:00" level=info msg="Navigating to data URL"
time="2025-03-14T12:26:36+01:00" level=info msg="Page loaded in 1.229584458s"
time="2025-03-14T12:26:36+01:00" level=info msg="Printing page 'Basis bhv eerste hulp - 123-456-788 - J.H. Von Arensman'"
time="2025-03-14T12:26:36+01:00" level=info msg="Rendered PDF in 124.731708ms"
time="2025-03-14T12:26:36+01:00" level=info msg="Got page in 3.897538333s"
time="2025-03-14T12:26:36+01:00" level=info msg="Rendering page from data URL"
time="2025-03-14T12:26:36+01:00" level=info msg="Navigating to data URL"
time="2025-03-14T12:26:36+01:00" level=info msg="Page loaded in 1.108773542s"
time="2025-03-14T12:26:36+01:00" level=info msg="Printing page 'Basis bhv eerste hulp - 123-456-788 - J.H. Von Arensman'"
time="2025-03-14T12:26:36+01:00" level=info msg="Rendered PDF in 123.477792ms"
time="2025-03-14T12:26:36+01:00" level=info msg="Page loaded in 1.114115042s"
time="2025-03-14T12:26:36+01:00" level=info msg="Printing page 'Basis bhv eerste hulp - 123-456-788 - J.H. Von Arensman'"
time="2025-03-14T12:26:36+01:00" level=info msg="Got page in 4.40635975s"
time="2025-03-14T12:26:36+01:00" level=info msg="Rendering page from data URL"
time="2025-03-14T12:26:36+01:00" level=info msg="Navigating to data URL"
time="2025-03-14T12:26:37+01:00" level=info msg="Rendered PDF in 121.900625ms"
time="2025-03-14T12:26:37+01:00" level=info msg="Got page in 4.533842792s"
time="2025-03-14T12:26:37+01:00" level=info msg="Rendering page from data URL"
time="2025-03-14T12:26:37+01:00" level=info msg="Navigating to data URL"
time="2025-03-14T12:26:37+01:00" level=info msg="Page loaded in 1.111353958s"
time="2025-03-14T12:26:37+01:00" level=info msg="Printing page 'Basis bhv eerste hulp - 123-456-788 - J.H. Von Arensman'"
time="2025-03-14T12:26:37+01:00" level=info msg="Page loaded in 1.107772084s"
time="2025-03-14T12:26:37+01:00" level=info msg="Printing page 'Basis bhv eerste hulp - 123-456-788 - J.H. Von Arensman'"
time="2025-03-14T12:26:37+01:00" level=info msg="Rendered PDF in 135.184375ms"
time="2025-03-14T12:26:37+01:00" level=info msg="Got page in 4.795333875s"
time="2025-03-14T12:26:37+01:00" level=info msg="Rendering page from data URL"
time="2025-03-14T12:26:37+01:00" level=info msg="Navigating to data URL"
time="2025-03-14T12:26:37+01:00" level=info msg="Rendered PDF in 128.589541ms"
time="2025-03-14T12:26:37+01:00" level=info msg="Got page in 4.908004042s"
time="2025-03-14T12:26:37+01:00" level=info msg="Rendering page from data URL"
time="2025-03-14T12:26:37+01:00" level=info msg="Navigating to data URL"
time="2025-03-14T12:26:37+01:00" level=info msg="Page loaded in 1.117482s"
time="2025-03-14T12:26:37+01:00" level=info msg="Printing page 'Basis bhv eerste hulp - 123-456-788 - J.H. Von Arensman'"
time="2025-03-14T12:26:37+01:00" level=info msg="Rendered PDF in 122.592ms"
time="2025-03-14T12:26:37+01:00" level=info msg="Got page in 5.148865917s"
time="2025-03-14T12:26:37+01:00" level=info msg="Rendering page from data URL"
time="2025-03-14T12:26:37+01:00" level=info msg="Navigating to data URL"
time="2025-03-14T12:26:38+01:00" level=info msg="Page loaded in 1.112820125s"
time="2025-03-14T12:26:38+01:00" level=info msg="Printing page 'Basis bhv eerste hulp - 123-456-788 - J.H. Von Arensman'"
time="2025-03-14T12:26:38+01:00" level=info msg="Page loaded in 1.111624458s"
time="2025-03-14T12:26:38+01:00" level=info msg="Printing page 'Basis bhv eerste hulp - 123-456-788 - J.H. Von Arensman'"
time="2025-03-14T12:26:38+01:00" level=info msg="Rendered PDF in 132.168125ms"
time="2025-03-14T12:26:38+01:00" level=info msg="Got page in 5.663681917s"
time="2025-03-14T12:26:38+01:00" level=info msg="Rendering page from data URL"
time="2025-03-14T12:26:38+01:00" level=info msg="Navigating to data URL"
time="2025-03-14T12:26:38+01:00" level=info msg="Rendered PDF in 121.13325ms"
time="2025-03-14T12:26:38+01:00" level=info msg="Page loaded in 1.111855292s"
time="2025-03-14T12:26:38+01:00" level=info msg="Printing page 'Basis bhv eerste hulp - 123-456-788 - J.H. Von Arensman'"
time="2025-03-14T12:26:38+01:00" level=info msg="Page loaded in 1.106210792s"
time="2025-03-14T12:26:38+01:00" level=info msg="Printing page 'Basis bhv eerste hulp - 123-456-788 - J.H. Von Arensman'"
time="2025-03-14T12:26:38+01:00" level=info msg="Rendered PDF in 119.88475ms"
time="2025-03-14T12:26:38+01:00" level=info msg="Rendered PDF in 116.310083ms"
time="2025-03-14T12:26:38+01:00" level=info msg="Page loaded in 1.115081916s"
time="2025-03-14T12:26:38+01:00" level=info msg="Printing page 'Basis bhv eerste hulp - 123-456-788 - J.H. Von Arensman'"
time="2025-03-14T12:26:38+01:00" level=info msg="Rendered PDF in 115.56825ms"
time="2025-03-14T12:26:39+01:00" level=info msg="Page loaded in 1.114392833s"
time="2025-03-14T12:26:39+01:00" level=info msg="Printing page 'Basis bhv eerste hulp - 123-456-788 - J.H. Von Arensman'"
time="2025-03-14T12:26:39+01:00" level=info msg="Rendered PDF in 131.775625ms"
time="2025-03-14T12:27:54+01:00" level=info msg="New request: POST localhost:3005/"
time="2025-03-14T12:27:54+01:00" level=info msg="New request: POST localhost:3005/"
time="2025-03-14T12:27:54+01:00" level=info msg="Got page in 584ns"
time="2025-03-14T12:27:54+01:00" level=info msg="New request: POST localhost:3005/"
time="2025-03-14T12:27:54+01:00" level=info msg="Got page in 667ns"
time="2025-03-14T12:27:54+01:00" level=info msg="Rendering page from data URL"
time="2025-03-14T12:27:54+01:00" level=info msg="Navigating to data URL"
time="2025-03-14T12:27:54+01:00" level=info msg="New request: POST localhost:3005/"
time="2025-03-14T12:27:54+01:00" level=info msg="Got page in 375ns"
time="2025-03-14T12:27:54+01:00" level=info msg="New request: POST localhost:3005/"
time="2025-03-14T12:27:54+01:00" level=info msg="Got page in 1.25µs"
time="2025-03-14T12:27:54+01:00" level=info msg="New request: POST localhost:3005/"
time="2025-03-14T12:27:54+01:00" level=info msg="New request: POST localhost:3005/"
time="2025-03-14T12:27:54+01:00" level=info msg="Got page in 1.042µs"
time="2025-03-14T12:27:54+01:00" level=info msg="New request: POST localhost:3005/"
time="2025-03-14T12:27:54+01:00" level=info msg="Rendering page from data URL"
time="2025-03-14T12:27:54+01:00" level=info msg="Navigating to data URL"
time="2025-03-14T12:27:54+01:00" level=info msg="New request: POST localhost:3005/"
time="2025-03-14T12:27:54+01:00" level=info msg="New request: POST localhost:3005/"
time="2025-03-14T12:27:54+01:00" level=info msg="New request: POST localhost:3005/"
time="2025-03-14T12:27:54+01:00" level=info msg="New request: POST localhost:3005/"
time="2025-03-14T12:27:54+01:00" level=info msg="Rendering page from data URL"
time="2025-03-14T12:27:54+01:00" level=info msg="Navigating to data URL"
time="2025-03-14T12:27:54+01:00" level=info msg="New request: POST localhost:3005/"
time="2025-03-14T12:27:54+01:00" level=info msg="New request: POST localhost:3005/"
time="2025-03-14T12:27:54+01:00" level=info msg="New request: POST localhost:3005/"
time="2025-03-14T12:27:54+01:00" level=info msg="New request: POST localhost:3005/"
time="2025-03-14T12:27:54+01:00" level=info msg="New request: POST localhost:3005/"
time="2025-03-14T12:27:54+01:00" level=info msg="Rendering page from data URL"
time="2025-03-14T12:27:54+01:00" level=info msg="Navigating to data URL"
time="2025-03-14T12:27:54+01:00" level=info msg="Rendering page from data URL"
time="2025-03-14T12:27:54+01:00" level=info msg="Navigating to data URL"
time="2025-03-14T12:27:54+01:00" level=info msg="New request: POST localhost:3005/"
time="2025-03-14T12:27:54+01:00" level=info msg="New request: POST localhost:3005/"
time="2025-03-14T12:27:54+01:00" level=info msg="New request: POST localhost:3005/"
time="2025-03-14T12:27:56+01:00" level=info msg="Page loaded in 1.492212333s"
time="2025-03-14T12:27:56+01:00" level=info msg="Page loaded in 1.496708458s"
time="2025-03-14T12:27:56+01:00" level=info msg="Page loaded in 1.4939355s"
time="2025-03-14T12:27:56+01:00" level=info msg="Page loaded in 1.493461291s"
time="2025-03-14T12:27:56+01:00" level=info msg="Page loaded in 1.501783416s"
time="2025-03-14T12:27:56+01:00" level=info msg="Printing page 'Basis bhv eerste hulp - 123-456-788 - J.H. Von Arensman'"
time="2025-03-14T12:27:56+01:00" level=info msg="Printing page 'Basis bhv eerste hulp - 123-456-788 - J.H. Von Arensman'"
time="2025-03-14T12:27:56+01:00" level=info msg="Printing page 'Basis bhv eerste hulp - 123-456-788 - J.H. Von Arensman'"
time="2025-03-14T12:27:56+01:00" level=info msg="Printing page 'Basis bhv eerste hulp - 123-456-788 - J.H. Von Arensman'"
time="2025-03-14T12:27:56+01:00" level=info msg="Printing page 'Basis bhv eerste hulp - 123-456-788 - J.H. Von Arensman'"
time="2025-03-14T12:27:56+01:00" level=info msg="Rendered PDF in 152.229625ms"
time="2025-03-14T12:27:56+01:00" level=info msg="Got page in 1.675056125s"
time="2025-03-14T12:27:56+01:00" level=info msg="Rendering page from data URL"
time="2025-03-14T12:27:56+01:00" level=info msg="Navigating to data URL"
time="2025-03-14T12:27:56+01:00" level=info msg="Rendered PDF in 175.765916ms"
time="2025-03-14T12:27:56+01:00" level=info msg="Rendered PDF in 261.667333ms"
time="2025-03-14T12:27:56+01:00" level=info msg="Rendered PDF in 263.279708ms"
time="2025-03-14T12:27:56+01:00" level=info msg="Rendered PDF in 263.660875ms"
time="2025-03-14T12:27:56+01:00" level=info msg="Got page in 1.793630875s"
time="2025-03-14T12:27:56+01:00" level=info msg="Got page in 1.793687125s"
time="2025-03-14T12:27:56+01:00" level=info msg="Got page in 1.793752333s"
time="2025-03-14T12:27:56+01:00" level=info msg="Rendering page from data URL"
time="2025-03-14T12:27:56+01:00" level=info msg="Navigating to data URL"
time="2025-03-14T12:27:56+01:00" level=info msg="Rendering page from data URL"
time="2025-03-14T12:27:56+01:00" level=info msg="Navigating to data URL"
time="2025-03-14T12:27:56+01:00" level=info msg="Rendering page from data URL"
time="2025-03-14T12:27:56+01:00" level=info msg="Navigating to data URL"
time="2025-03-14T12:27:56+01:00" level=info msg="Got page in 1.799071291s"
time="2025-03-14T12:27:56+01:00" level=info msg="Rendering page from data URL"
time="2025-03-14T12:27:56+01:00" level=info msg="Navigating to data URL"
time="2025-03-14T12:27:57+01:00" level=info msg="Page loaded in 1.123392917s"
time="2025-03-14T12:27:57+01:00" level=info msg="Printing page 'Basis bhv eerste hulp - 123-456-788 - J.H. Von Arensman'"
time="2025-03-14T12:27:57+01:00" level=info msg="Rendered PDF in 137.457666ms"
time="2025-03-14T12:27:57+01:00" level=info msg="Got page in 2.948463959s"
time="2025-03-14T12:27:57+01:00" level=info msg="Rendering page from data URL"
time="2025-03-14T12:27:57+01:00" level=info msg="Navigating to data URL"
time="2025-03-14T12:27:58+01:00" level=info msg="Page loaded in 1.375260708s"
time="2025-03-14T12:27:58+01:00" level=info msg="Page loaded in 1.372920584s"
time="2025-03-14T12:27:58+01:00" level=info msg="Page loaded in 1.37370525s"
time="2025-03-14T12:27:58+01:00" level=info msg="Page loaded in 1.349577583s"
time="2025-03-14T12:27:58+01:00" level=info msg="Printing page 'Basis bhv eerste hulp - 123-456-788 - J.H. Von Arensman'"
time="2025-03-14T12:27:58+01:00" level=info msg="Printing page 'Basis bhv eerste hulp - 123-456-788 - J.H. Von Arensman'"
time="2025-03-14T12:27:58+01:00" level=info msg="Printing page 'Basis bhv eerste hulp - 123-456-788 - J.H. Von Arensman'"
time="2025-03-14T12:27:58+01:00" level=info msg="Printing page 'Basis bhv eerste hulp - 123-456-788 - J.H. Von Arensman'"
time="2025-03-14T12:27:58+01:00" level=info msg="Rendered PDF in 139.89575ms"
time="2025-03-14T12:27:58+01:00" level=info msg="Got page in 3.323429125s"
time="2025-03-14T12:27:58+01:00" level=info msg="Rendering page from data URL"
time="2025-03-14T12:27:58+01:00" level=info msg="Navigating to data URL"
time="2025-03-14T12:27:58+01:00" level=info msg="Rendered PDF in 161.215208ms"
time="2025-03-14T12:27:58+01:00" level=info msg="Rendered PDF in 248.750959ms"
time="2025-03-14T12:27:58+01:00" level=info msg="Rendered PDF in 249.628917ms"
time="2025-03-14T12:27:58+01:00" level=info msg="Got page in 3.439562s"
time="2025-03-14T12:27:58+01:00" level=info msg="Rendering page from data URL"
time="2025-03-14T12:27:58+01:00" level=info msg="Navigating to data URL"
time="2025-03-14T12:27:58+01:00" level=info msg="Got page in 3.439962s"
time="2025-03-14T12:27:58+01:00" level=info msg="Rendering page from data URL"
time="2025-03-14T12:27:58+01:00" level=info msg="Navigating to data URL"
time="2025-03-14T12:27:58+01:00" level=info msg="Got page in 3.44160225s"
time="2025-03-14T12:27:58+01:00" level=info msg="Rendering page from data URL"
time="2025-03-14T12:27:58+01:00" level=info msg="Navigating to data URL"
time="2025-03-14T12:27:59+01:00" level=info msg="Page loaded in 1.111852459s"
time="2025-03-14T12:27:59+01:00" level=info msg="Printing page 'Basis bhv eerste hulp - 123-456-788 - J.H. Von Arensman'"
time="2025-03-14T12:27:59+01:00" level=info msg="Rendered PDF in 146.13425ms"
time="2025-03-14T12:27:59+01:00" level=info msg="Got page in 4.288231916s"
time="2025-03-14T12:27:59+01:00" level=info msg="Rendering page from data URL"
time="2025-03-14T12:27:59+01:00" level=info msg="Navigating to data URL"
time="2025-03-14T12:27:59+01:00" level=info msg="Page loaded in 1.123707416s"
time="2025-03-14T12:27:59+01:00" level=info msg="Printing page 'Basis bhv eerste hulp - 123-456-788 - J.H. Von Arensman'"
time="2025-03-14T12:27:59+01:00" level=info msg="Rendered PDF in 161.760583ms"
time="2025-03-14T12:27:59+01:00" level=info msg="Got page in 4.623582875s"
time="2025-03-14T12:27:59+01:00" level=info msg="Rendering page from data URL"
time="2025-03-14T12:27:59+01:00" level=info msg="Navigating to data URL"
time="2025-03-14T12:27:59+01:00" level=info msg="Page loaded in 1.279633667s"
time="2025-03-14T12:27:59+01:00" level=info msg="Page loaded in 1.284870625s"
time="2025-03-14T12:27:59+01:00" level=info msg="Page loaded in 1.283683292s"
time="2025-03-14T12:27:59+01:00" level=info msg="Printing page 'Basis bhv eerste hulp - 123-456-788 - J.H. Von Arensman'"
time="2025-03-14T12:27:59+01:00" level=info msg="Printing page 'Basis bhv eerste hulp - 123-456-788 - J.H. Von Arensman'"
time="2025-03-14T12:27:59+01:00" level=info msg="Printing page 'Basis bhv eerste hulp - 123-456-788 - J.H. Von Arensman'"
time="2025-03-14T12:27:59+01:00" level=info msg="Rendered PDF in 128.284542ms"
time="2025-03-14T12:27:59+01:00" level=info msg="Got page in 4.864854833s"
time="2025-03-14T12:27:59+01:00" level=info msg="Rendering page from data URL"
time="2025-03-14T12:27:59+01:00" level=info msg="Navigating to data URL"
time="2025-03-14T12:27:59+01:00" level=info msg="Rendered PDF in 148.706625ms"
time="2025-03-14T12:27:59+01:00" level=info msg="Rendered PDF in 240.281125ms"
time="2025-03-14T12:27:59+01:00" level=info msg="Got page in 4.979789416s"
time="2025-03-14T12:27:59+01:00" level=info msg="Rendering page from data URL"
time="2025-03-14T12:27:59+01:00" level=info msg="Navigating to data URL"
time="2025-03-14T12:27:59+01:00" level=info msg="Got page in 4.983701792s"
time="2025-03-14T12:27:59+01:00" level=info msg="Rendering page from data URL"
time="2025-03-14T12:27:59+01:00" level=info msg="Navigating to data URL"
time="2025-03-14T12:28:00+01:00" level=info msg="Page loaded in 1.128702667s"
time="2025-03-14T12:28:00+01:00" level=info msg="Printing page 'Basis bhv eerste hulp - 123-456-788 - J.H. Von Arensman'"
time="2025-03-14T12:28:00+01:00" level=info msg="Rendered PDF in 127.990458ms"
time="2025-03-14T12:28:00+01:00" level=info msg="Page loaded in 1.139118792s"
time="2025-03-14T12:28:00+01:00" level=info msg="Printing page 'Basis bhv eerste hulp - 123-456-788 - J.H. Von Arensman'"
time="2025-03-14T12:28:00+01:00" level=info msg="Rendered PDF in 123.575ms"
time="2025-03-14T12:28:00+01:00" level=info msg="Page loaded in 1.114673791s"
time="2025-03-14T12:28:00+01:00" level=info msg="Printing page 'Basis bhv eerste hulp - 123-456-788 - J.H. Von Arensman'"
time="2025-03-14T12:28:01+01:00" level=info msg="Rendered PDF in 116.264292ms"
time="2025-03-14T12:28:01+01:00" level=info msg="Page loaded in 1.196827625s"
time="2025-03-14T12:28:01+01:00" level=info msg="Page loaded in 1.20811625s"
time="2025-03-14T12:28:01+01:00" level=info msg="Printing page 'Basis bhv eerste hulp - 123-456-788 - J.H. Von Arensman'"
time="2025-03-14T12:28:01+01:00" level=info msg="Printing page 'Basis bhv eerste hulp - 123-456-788 - J.H. Von Arensman'"
time="2025-03-14T12:28:01+01:00" level=info msg="Rendered PDF in 119.290875ms"
time="2025-03-14T12:28:01+01:00" level=info msg="Rendered PDF in 139.108375ms"
time="2025-03-14T12:29:41+01:00" level=info msg="New request: POST localhost:3005/"
time="2025-03-14T12:29:41+01:00" level=info msg="New request: POST localhost:3005/"
time="2025-03-14T12:29:41+01:00" level=info msg="New request: POST localhost:3005/"
time="2025-03-14T12:29:41+01:00" level=info msg="Got page in 292ns"
time="2025-03-14T12:29:41+01:00" level=info msg="New request: POST localhost:3005/"
time="2025-03-14T12:29:41+01:00" level=info msg="Got page in 375ns"
time="2025-03-14T12:29:41+01:00" level=info msg="Got page in 917ns"
time="2025-03-14T12:29:41+01:00" level=info msg="New request: POST localhost:3005/"
time="2025-03-14T12:29:41+01:00" level=info msg="Got page in 625ns"
time="2025-03-14T12:29:41+01:00" level=info msg="Rendering page from data URL"
time="2025-03-14T12:29:41+01:00" level=info msg="Navigating to data URL"
time="2025-03-14T12:29:41+01:00" level=info msg="New request: POST localhost:3005/"
time="2025-03-14T12:29:41+01:00" level=info msg="Got page in 416ns"
time="2025-03-14T12:29:41+01:00" level=info msg="New request: POST localhost:3005/"
time="2025-03-14T12:29:41+01:00" level=info msg="Rendering page from data URL"
time="2025-03-14T12:29:41+01:00" level=info msg="Navigating to data URL"
time="2025-03-14T12:29:41+01:00" level=info msg="New request: POST localhost:3005/"
time="2025-03-14T12:29:41+01:00" level=info msg="New request: POST localhost:3005/"
time="2025-03-14T12:29:41+01:00" level=info msg="Rendering page from data URL"
time="2025-03-14T12:29:41+01:00" level=info msg="Navigating to data URL"
time="2025-03-14T12:29:41+01:00" level=info msg="New request: POST localhost:3005/"
time="2025-03-14T12:29:41+01:00" level=info msg="New request: POST localhost:3005/"
time="2025-03-14T12:29:41+01:00" level=info msg="New request: POST localhost:3005/"
time="2025-03-14T12:29:41+01:00" level=info msg="New request: POST localhost:3005/"
time="2025-03-14T12:29:41+01:00" level=info msg="New request: POST localhost:3005/"
time="2025-03-14T12:29:41+01:00" level=info msg="New request: POST localhost:3005/"
time="2025-03-14T12:29:41+01:00" level=info msg="New request: POST localhost:3005/"
time="2025-03-14T12:29:41+01:00" level=info msg="New request: POST localhost:3005/"
time="2025-03-14T12:29:41+01:00" level=info msg="New request: POST localhost:3005/"
time="2025-03-14T12:29:41+01:00" level=info msg="New request: POST localhost:3005/"
time="2025-03-14T12:29:41+01:00" level=info msg="New request: POST localhost:3005/"
time="2025-03-14T12:29:41+01:00" level=info msg="Rendering page from data URL"
time="2025-03-14T12:29:41+01:00" level=info msg="Navigating to data URL"
time="2025-03-14T12:29:41+01:00" level=info msg="Rendering page from data URL"
time="2025-03-14T12:29:41+01:00" level=info msg="Navigating to data URL"
time="2025-03-14T12:29:42+01:00" level=info msg="Page loaded in 1.535431375s"
time="2025-03-14T12:29:42+01:00" level=info msg="Page loaded in 1.546400708s"
time="2025-03-14T12:29:42+01:00" level=info msg="Page loaded in 1.533296709s"
time="2025-03-14T12:29:42+01:00" level=info msg="Page loaded in 1.537877667s"
time="2025-03-14T12:29:42+01:00" level=info msg="Page loaded in 1.538732417s"
time="2025-03-14T12:29:42+01:00" level=info msg="Printing page 'Basis bhv eerste hulp - 123-456-788 - J.H. Von Arensman'"
time="2025-03-14T12:29:42+01:00" level=info msg="Printing page 'Basis bhv eerste hulp - 123-456-788 - J.H. Von Arensman'"
time="2025-03-14T12:29:42+01:00" level=info msg="Printing page 'Basis bhv eerste hulp - 123-456-788 - J.H. Von Arensman'"
time="2025-03-14T12:29:42+01:00" level=info msg="Printing page 'Basis bhv eerste hulp - 123-456-788 - J.H. Von Arensman'"
time="2025-03-14T12:29:42+01:00" level=info msg="Printing page 'Basis bhv eerste hulp - 123-456-788 - J.H. Von Arensman'"
time="2025-03-14T12:29:42+01:00" level=info msg="Rendered PDF in 150.3685ms"
time="2025-03-14T12:29:42+01:00" level=info msg="Got page in 1.727984625s"
time="2025-03-14T12:29:42+01:00" level=info msg="Rendering page from data URL"
time="2025-03-14T12:29:42+01:00" level=info msg="Navigating to data URL"
time="2025-03-14T12:29:42+01:00" level=info msg="Rendered PDF in 175.703125ms"
time="2025-03-14T12:29:42+01:00" level=info msg="Rendered PDF in 265.476375ms"
time="2025-03-14T12:29:42+01:00" level=info msg="Rendered PDF in 266.385542ms"
time="2025-03-14T12:29:42+01:00" level=info msg="Rendered PDF in 267.364541ms"
time="2025-03-14T12:29:42+01:00" level=info msg="Got page in 1.852377708s"
time="2025-03-14T12:29:42+01:00" level=info msg="Rendering page from data URL"
time="2025-03-14T12:29:42+01:00" level=info msg="Navigating to data URL"
time="2025-03-14T12:29:42+01:00" level=info msg="Got page in 1.852386958s"
time="2025-03-14T12:29:42+01:00" level=info msg="Rendering page from data URL"
time="2025-03-14T12:29:42+01:00" level=info msg="Navigating to data URL"
time="2025-03-14T12:29:42+01:00" level=info msg="Got page in 1.852441541s"
time="2025-03-14T12:29:42+01:00" level=info msg="Rendering page from data URL"
time="2025-03-14T12:29:42+01:00" level=info msg="Navigating to data URL"
time="2025-03-14T12:29:42+01:00" level=info msg="Got page in 1.867982708s"
time="2025-03-14T12:29:42+01:00" level=info msg="Rendering page from data URL"
time="2025-03-14T12:29:42+01:00" level=info msg="Navigating to data URL"
time="2025-03-14T12:29:43+01:00" level=info msg="Page loaded in 1.127162458s"
time="2025-03-14T12:29:43+01:00" level=info msg="Printing page 'Basis bhv eerste hulp - 123-456-788 - J.H. Von Arensman'"
time="2025-03-14T12:29:44+01:00" level=info msg="Rendered PDF in 157.519458ms"
time="2025-03-14T12:29:44+01:00" level=info msg="Got page in 3.024367917s"
time="2025-03-14T12:29:44+01:00" level=info msg="Rendering page from data URL"
time="2025-03-14T12:29:44+01:00" level=info msg="Navigating to data URL"
time="2025-03-14T12:29:44+01:00" level=info msg="Page loaded in 1.313934583s"
time="2025-03-14T12:29:44+01:00" level=info msg="Page loaded in 1.313477709s"
time="2025-03-14T12:29:44+01:00" level=info msg="Page loaded in 1.312849459s"
time="2025-03-14T12:29:44+01:00" level=info msg="Printing page 'Basis bhv eerste hulp - 123-456-788 - J.H. Von Arensman'"
time="2025-03-14T12:29:44+01:00" level=info msg="Printing page 'Basis bhv eerste hulp - 123-456-788 - J.H. Von Arensman'"
time="2025-03-14T12:29:44+01:00" level=info msg="Printing page 'Basis bhv eerste hulp - 123-456-788 - J.H. Von Arensman'"
time="2025-03-14T12:29:44+01:00" level=info msg="Page loaded in 1.103153125s"
time="2025-03-14T12:29:44+01:00" level=info msg="Printing page 'Basis bhv eerste hulp - 123-456-788 - J.H. Von Arensman'"
time="2025-03-14T12:29:44+01:00" level=info msg="Rendered PDF in 139.705625ms"
time="2025-03-14T12:29:44+01:00" level=info msg="Got page in 3.321053959s"
time="2025-03-14T12:29:44+01:00" level=info msg="Rendering page from data URL"
time="2025-03-14T12:29:44+01:00" level=info msg="Navigating to data URL"
time="2025-03-14T12:29:44+01:00" level=info msg="Rendered PDF in 160.788125ms"
time="2025-03-14T12:29:44+01:00" level=info msg="Rendered PDF in 168.452458ms"
time="2025-03-14T12:29:44+01:00" level=info msg="Rendered PDF in 252.043792ms"
time="2025-03-14T12:29:44+01:00" level=info msg="Got page in 3.438032583s"
time="2025-03-14T12:29:44+01:00" level=info msg="Got page in 3.438174375s"
time="2025-03-14T12:29:44+01:00" level=info msg="Rendering page from data URL"
time="2025-03-14T12:29:44+01:00" level=info msg="Navigating to data URL"
time="2025-03-14T12:29:44+01:00" level=info msg="Rendering page from data URL"
time="2025-03-14T12:29:44+01:00" level=info msg="Navigating to data URL"
time="2025-03-14T12:29:44+01:00" level=info msg="Got page in 3.445212334s"
time="2025-03-14T12:29:44+01:00" level=info msg="Rendering page from data URL"
time="2025-03-14T12:29:44+01:00" level=info msg="Navigating to data URL"
time="2025-03-14T12:29:45+01:00" level=info msg="Page loaded in 1.109760375s"
time="2025-03-14T12:29:45+01:00" level=info msg="Printing page 'Basis bhv eerste hulp - 123-456-788 - J.H. Von Arensman'"
time="2025-03-14T12:29:45+01:00" level=info msg="Rendered PDF in 133.007458ms"
time="2025-03-14T12:29:45+01:00" level=info msg="Got page in 4.279238334s"
time="2025-03-14T12:29:45+01:00" level=info msg="Rendering page from data URL"
time="2025-03-14T12:29:45+01:00" level=info msg="Navigating to data URL"
time="2025-03-14T12:29:45+01:00" level=info msg="Page loaded in 1.1156495s"
time="2025-03-14T12:29:45+01:00" level=info msg="Printing page 'Basis bhv eerste hulp - 123-456-788 - J.H. Von Arensman'"
time="2025-03-14T12:29:45+01:00" level=info msg="Rendered PDF in 113.741625ms"
time="2025-03-14T12:29:45+01:00" level=info msg="Got page in 4.563278s"
time="2025-03-14T12:29:45+01:00" level=info msg="Rendering page from data URL"
time="2025-03-14T12:29:45+01:00" level=info msg="Navigating to data URL"
time="2025-03-14T12:29:45+01:00" level=info msg="Page loaded in 1.293748167s"
time="2025-03-14T12:29:45+01:00" level=info msg="Page loaded in 1.294509208s"
time="2025-03-14T12:29:45+01:00" level=info msg="Page loaded in 1.10795175s"
time="2025-03-14T12:29:45+01:00" level=info msg="Printing page 'Basis bhv eerste hulp - 123-456-788 - J.H. Von Arensman'"
time="2025-03-14T12:29:45+01:00" level=info msg="Printing page 'Basis bhv eerste hulp - 123-456-788 - J.H. Von Arensman'"
time="2025-03-14T12:29:45+01:00" level=info msg="Printing page 'Basis bhv eerste hulp - 123-456-788 - J.H. Von Arensman'"
time="2025-03-14T12:29:45+01:00" level=info msg="Rendered PDF in 129.133875ms"
time="2025-03-14T12:29:45+01:00" level=info msg="Got page in 4.877960209s"
time="2025-03-14T12:29:45+01:00" level=info msg="Rendering page from data URL"
time="2025-03-14T12:29:45+01:00" level=info msg="Navigating to data URL"
time="2025-03-14T12:29:45+01:00" level=info msg="Rendered PDF in 151.520833ms"
time="2025-03-14T12:29:46+01:00" level=info msg="Rendered PDF in 241.180666ms"
time="2025-03-14T12:29:46+01:00" level=info msg="Got page in 4.989595833s"
time="2025-03-14T12:29:46+01:00" level=info msg="Rendering page from data URL"
time="2025-03-14T12:29:46+01:00" level=info msg="Navigating to data URL"
time="2025-03-14T12:29:46+01:00" level=info msg="Got page in 4.993654625s"
time="2025-03-14T12:29:46+01:00" level=info msg="Rendering page from data URL"
time="2025-03-14T12:29:46+01:00" level=info msg="Navigating to data URL"
time="2025-03-14T12:29:46+01:00" level=info msg="Page loaded in 1.103599792s"
time="2025-03-14T12:29:46+01:00" level=info msg="Printing page 'Basis bhv eerste hulp - 123-456-788 - J.H. Von Arensman'"
time="2025-03-14T12:29:46+01:00" level=info msg="Rendered PDF in 115.751875ms"
time="2025-03-14T12:29:46+01:00" level=info msg="Page loaded in 1.105038875s"
time="2025-03-14T12:29:46+01:00" level=info msg="Printing page 'Basis bhv eerste hulp - 123-456-788 - J.H. Von Arensman'"
time="2025-03-14T12:29:46+01:00" level=info msg="Rendered PDF in 116.865542ms"
time="2025-03-14T12:29:47+01:00" level=info msg="Page loaded in 1.11493725s"
time="2025-03-14T12:29:47+01:00" level=info msg="Printing page 'Basis bhv eerste hulp - 123-456-788 - J.H. Von Arensman'"
time="2025-03-14T12:29:47+01:00" level=info msg="Rendered PDF in 128.424542ms"
time="2025-03-14T12:29:47+01:00" level=info msg="Page loaded in 1.18750225s"
time="2025-03-14T12:29:47+01:00" level=info msg="Page loaded in 1.178987042s"
time="2025-03-14T12:29:47+01:00" level=info msg="Printing page 'Basis bhv eerste hulp - 123-456-788 - J.H. Von Arensman'"
time="2025-03-14T12:29:47+01:00" level=info msg="Printing page 'Basis bhv eerste hulp - 123-456-788 - J.H. Von Arensman'"
time="2025-03-14T12:29:47+01:00" level=info msg="Rendered PDF in 127.032875ms"
time="2025-03-14T12:29:47+01:00" level=info msg="Rendered PDF in 146.834333ms"
time="2025-03-14T12:32:41+01:00" level=info msg="New request: POST localhost:3005/"
time="2025-03-14T12:32:41+01:00" level=info msg="New request: POST localhost:3005/"
time="2025-03-14T12:32:41+01:00" level=info msg="Got page in 292ns"
time="2025-03-14T12:32:41+01:00" level=info msg="New request: POST localhost:3005/"
time="2025-03-14T12:32:41+01:00" level=info msg="Got page in 334ns"
time="2025-03-14T12:32:41+01:00" level=info msg="Rendering page from data URL"
time="2025-03-14T12:32:41+01:00" level=info msg="Navigating to data URL"
time="2025-03-14T12:32:41+01:00" level=info msg="Rendering page from data URL"
time="2025-03-14T12:32:41+01:00" level=info msg="Navigating to data URL"
time="2025-03-14T12:32:41+01:00" level=info msg="New request: POST localhost:3005/"
time="2025-03-14T12:32:41+01:00" level=info msg="Got page in 334ns"
time="2025-03-14T12:32:41+01:00" level=info msg="Rendering page from data URL"
time="2025-03-14T12:32:41+01:00" level=info msg="Navigating to data URL"
time="2025-03-14T12:32:41+01:00" level=info msg="New request: POST localhost:3005/"
time="2025-03-14T12:32:41+01:00" level=info msg="Got page in 333ns"
time="2025-03-14T12:32:41+01:00" level=info msg="Rendering page from data URL"
time="2025-03-14T12:32:41+01:00" level=info msg="Navigating to data URL"
time="2025-03-14T12:32:41+01:00" level=info msg="New request: POST localhost:3005/"
time="2025-03-14T12:32:41+01:00" level=info msg="New request: POST localhost:3005/"
time="2025-03-14T12:32:41+01:00" level=info msg="New request: POST localhost:3005/"
time="2025-03-14T12:32:41+01:00" level=info msg="New request: POST localhost:3005/"
time="2025-03-14T12:32:41+01:00" level=info msg="New request: POST localhost:3005/"
time="2025-03-14T12:32:41+01:00" level=info msg="New request: POST localhost:3005/"
time="2025-03-14T12:32:41+01:00" level=info msg="New request: POST localhost:3005/"
time="2025-03-14T12:32:41+01:00" level=info msg="New request: POST localhost:3005/"
time="2025-03-14T12:32:41+01:00" level=info msg="New request: POST localhost:3005/"
time="2025-03-14T12:32:41+01:00" level=info msg="Got page in 917ns"
time="2025-03-14T12:32:41+01:00" level=info msg="New request: POST localhost:3005/"
time="2025-03-14T12:32:41+01:00" level=info msg="New request: POST localhost:3005/"
time="2025-03-14T12:32:41+01:00" level=info msg="New request: POST localhost:3005/"
time="2025-03-14T12:32:41+01:00" level=info msg="New request: POST localhost:3005/"
time="2025-03-14T12:32:41+01:00" level=info msg="New request: POST localhost:3005/"
time="2025-03-14T12:32:41+01:00" level=info msg="New request: POST localhost:3005/"
time="2025-03-14T12:32:41+01:00" level=info msg="Rendering page from data URL"
time="2025-03-14T12:32:41+01:00" level=info msg="Navigating to data URL"
time="2025-03-14T12:32:43+01:00" level=info msg="Page loaded in 1.549943583s"
time="2025-03-14T12:32:43+01:00" level=info msg="Page loaded in 1.54682425s"
time="2025-03-14T12:32:43+01:00" level=info msg="Page loaded in 1.551278542s"
time="2025-03-14T12:32:43+01:00" level=info msg="Page loaded in 1.552687333s"
time="2025-03-14T12:32:43+01:00" level=info msg="Page loaded in 1.560659291s"
time="2025-03-14T12:32:43+01:00" level=info msg="Printing page 'Basis bhv eerste hulp - 123-456-788 - J.H. Von Arensman'"
time="2025-03-14T12:32:43+01:00" level=info msg="Printing page 'Basis bhv eerste hulp - 123-456-788 - J.H. Von Arensman'"
time="2025-03-14T12:32:43+01:00" level=info msg="Printing page 'Basis bhv eerste hulp - 123-456-788 - J.H. Von Arensman'"
time="2025-03-14T12:32:43+01:00" level=info msg="Printing page 'Basis bhv eerste hulp - 123-456-788 - J.H. Von Arensman'"
time="2025-03-14T12:32:43+01:00" level=info msg="Printing page 'Basis bhv eerste hulp - 123-456-788 - J.H. Von Arensman'"
time="2025-03-14T12:32:43+01:00" level=info msg="Rendered PDF in 157.605542ms"
time="2025-03-14T12:32:43+01:00" level=info msg="Got page in 1.7451925s"
time="2025-03-14T12:32:43+01:00" level=info msg="Rendering page from data URL"
time="2025-03-14T12:32:43+01:00" level=info msg="Navigating to data URL"
time="2025-03-14T12:32:43+01:00" level=info msg="Rendered PDF in 181.887791ms"
time="2025-03-14T12:32:43+01:00" level=info msg="Rendered PDF in 274.627333ms"
time="2025-03-14T12:32:43+01:00" level=info msg="Rendered PDF in 276.921042ms"
time="2025-03-14T12:32:43+01:00" level=info msg="Rendered PDF in 276.983959ms"
time="2025-03-14T12:32:43+01:00" level=info msg="Got page in 1.867621042s"
time="2025-03-14T12:32:43+01:00" level=info msg="Rendering page from data URL"
time="2025-03-14T12:32:43+01:00" level=info msg="Navigating to data URL"
time="2025-03-14T12:32:43+01:00" level=info msg="Got page in 1.872928417s"
time="2025-03-14T12:32:43+01:00" level=info msg="Rendering page from data URL"
time="2025-03-14T12:32:43+01:00" level=info msg="Navigating to data URL"
time="2025-03-14T12:32:43+01:00" level=info msg="Got page in 1.873140417s"
time="2025-03-14T12:32:43+01:00" level=info msg="Rendering page from data URL"
time="2025-03-14T12:32:43+01:00" level=info msg="Navigating to data URL"
time="2025-03-14T12:32:43+01:00" level=info msg="Got page in 1.882338584s"
time="2025-03-14T12:32:43+01:00" level=info msg="Rendering page from data URL"
time="2025-03-14T12:32:43+01:00" level=info msg="Navigating to data URL"
time="2025-03-14T12:32:44+01:00" level=info msg="Page loaded in 1.121365208s"
time="2025-03-14T12:32:44+01:00" level=info msg="Printing page 'Basis bhv eerste hulp - 123-456-788 - J.H. Von Arensman'"
time="2025-03-14T12:32:44+01:00" level=info msg="Rendered PDF in 175.878875ms"
time="2025-03-14T12:32:44+01:00" level=info msg="Got page in 3.054894458s"
time="2025-03-14T12:32:44+01:00" level=info msg="Rendering page from data URL"
time="2025-03-14T12:32:44+01:00" level=info msg="Navigating to data URL"
time="2025-03-14T12:32:45+01:00" level=info msg="Page loaded in 1.367026584s"
time="2025-03-14T12:32:45+01:00" level=info msg="Page loaded in 1.358560291s"
time="2025-03-14T12:32:45+01:00" level=info msg="Page loaded in 1.355946625s"
time="2025-03-14T12:32:45+01:00" level=info msg="Page loaded in 1.253422375s"
time="2025-03-14T12:32:45+01:00" level=info msg="Printing page 'Basis bhv eerste hulp - 123-456-788 - J.H. Von Arensman'"
time="2025-03-14T12:32:45+01:00" level=info msg="Printing page 'Basis bhv eerste hulp - 123-456-788 - J.H. Von Arensman'"
time="2025-03-14T12:32:45+01:00" level=info msg="Printing page 'Basis bhv eerste hulp - 123-456-788 - J.H. Von Arensman'"
time="2025-03-14T12:32:45+01:00" level=info msg="Printing page 'Basis bhv eerste hulp - 123-456-788 - J.H. Von Arensman'"
time="2025-03-14T12:32:45+01:00" level=info msg="Rendered PDF in 128.387875ms"
time="2025-03-14T12:32:45+01:00" level=info msg="Got page in 3.376557125s"
time="2025-03-14T12:32:45+01:00" level=info msg="Rendering page from data URL"
time="2025-03-14T12:32:45+01:00" level=info msg="Navigating to data URL"
time="2025-03-14T12:32:45+01:00" level=info msg="Rendered PDF in 148.325458ms"
time="2025-03-14T12:32:45+01:00" level=info msg="Rendered PDF in 243.965292ms"
time="2025-03-14T12:32:45+01:00" level=info msg="Rendered PDF in 242.907417ms"
time="2025-03-14T12:32:45+01:00" level=info msg="Got page in 3.494094625s"
time="2025-03-14T12:32:45+01:00" level=info msg="Rendering page from data URL"
time="2025-03-14T12:32:45+01:00" level=info msg="Navigating to data URL"
time="2025-03-14T12:32:45+01:00" level=info msg="Got page in 3.5072995s"
time="2025-03-14T12:32:45+01:00" level=info msg="Rendering page from data URL"
time="2025-03-14T12:32:45+01:00" level=info msg="Navigating to data URL"
time="2025-03-14T12:32:45+01:00" level=info msg="Got page in 3.509254792s"
time="2025-03-14T12:32:45+01:00" level=info msg="Rendering page from data URL"
time="2025-03-14T12:32:45+01:00" level=info msg="Navigating to data URL"
time="2025-03-14T12:32:45+01:00" level=info msg="Page loaded in 1.1075705s"
time="2025-03-14T12:32:45+01:00" level=info msg="Printing page 'Basis bhv eerste hulp - 123-456-788 - J.H. Von Arensman'"
time="2025-03-14T12:32:46+01:00" level=info msg="Rendered PDF in 116.160708ms"
time="2025-03-14T12:32:46+01:00" level=info msg="Got page in 4.292131333s"
time="2025-03-14T12:32:46+01:00" level=info msg="Rendering page from data URL"
time="2025-03-14T12:32:46+01:00" level=info msg="Navigating to data URL"
time="2025-03-14T12:32:46+01:00" level=info msg="Page loaded in 1.120156708s"
time="2025-03-14T12:32:46+01:00" level=info msg="Printing page 'Basis bhv eerste hulp - 123-456-788 - J.H. Von Arensman'"
time="2025-03-14T12:32:46+01:00" level=info msg="Rendered PDF in 120.832458ms"
time="2025-03-14T12:32:46+01:00" level=info msg="Got page in 4.628606542s"
time="2025-03-14T12:32:46+01:00" level=info msg="Rendering page from data URL"
time="2025-03-14T12:32:46+01:00" level=info msg="Navigating to data URL"
time="2025-03-14T12:32:46+01:00" level=info msg="Page loaded in 1.295046042s"
time="2025-03-14T12:32:46+01:00" level=info msg="Printing page 'Basis bhv eerste hulp - 123-456-788 - J.H. Von Arensman'"
time="2025-03-14T12:32:46+01:00" level=info msg="Page loaded in 1.286715s"
time="2025-03-14T12:32:46+01:00" level=info msg="Page loaded in 1.285803542s"
time="2025-03-14T12:32:46+01:00" level=info msg="Printing page 'Basis bhv eerste hulp - 123-456-788 - J.H. Von Arensman'"
time="2025-03-14T12:32:46+01:00" level=info msg="Printing page 'Basis bhv eerste hulp - 123-456-788 - J.H. Von Arensman'"
time="2025-03-14T12:32:46+01:00" level=info msg="Rendered PDF in 136.211ms"
time="2025-03-14T12:32:46+01:00" level=info msg="Got page in 4.944564417s"
time="2025-03-14T12:32:46+01:00" level=info msg="Rendering page from data URL"
time="2025-03-14T12:32:46+01:00" level=info msg="Navigating to data URL"
time="2025-03-14T12:32:46+01:00" level=info msg="Rendered PDF in 152.233833ms"
time="2025-03-14T12:32:46+01:00" level=info msg="Rendered PDF in 258.493417ms"
time="2025-03-14T12:32:46+01:00" level=info msg="Got page in 5.0685455s"
time="2025-03-14T12:32:46+01:00" level=info msg="Rendering page from data URL"
time="2025-03-14T12:32:46+01:00" level=info msg="Navigating to data URL"
time="2025-03-14T12:32:46+01:00" level=info msg="Got page in 5.081596959s"
time="2025-03-14T12:32:46+01:00" level=info msg="Rendering page from data URL"
time="2025-03-14T12:32:46+01:00" level=info msg="Navigating to data URL"
time="2025-03-14T12:32:47+01:00" level=info msg="Page loaded in 1.103415708s"
time="2025-03-14T12:32:47+01:00" level=info msg="Printing page 'Basis bhv eerste hulp - 123-456-788 - J.H. Von Arensman'"
time="2025-03-14T12:32:47+01:00" level=info msg="Rendered PDF in 122.467333ms"
time="2025-03-14T12:32:47+01:00" level=info msg="Page loaded in 1.111313417s"
time="2025-03-14T12:32:47+01:00" level=info msg="Printing page 'Basis bhv eerste hulp - 123-456-788 - J.H. Von Arensman'"
time="2025-03-14T12:32:47+01:00" level=info msg="Rendered PDF in 120.960333ms"
time="2025-03-14T12:32:47+01:00" level=info msg="Page loaded in 1.122728625s"
time="2025-03-14T12:32:47+01:00" level=info msg="Printing page 'Basis bhv eerste hulp - 123-456-788 - J.H. Von Arensman'"
time="2025-03-14T12:32:48+01:00" level=info msg="Page loaded in 1.114779458s"
time="2025-03-14T12:32:48+01:00" level=info msg="Printing page 'Basis bhv eerste hulp - 123-456-788 - J.H. Von Arensman'"
time="2025-03-14T12:32:48+01:00" level=info msg="Rendered PDF in 119.048583ms"
time="2025-03-14T12:32:48+01:00" level=info msg="Page loaded in 1.10877425s"
time="2025-03-14T12:32:48+01:00" level=info msg="Printing page 'Basis bhv eerste hulp - 123-456-788 - J.H. Von Arensman'"
time="2025-03-14T12:32:48+01:00" level=info msg="Rendered PDF in 118.726875ms"
time="2025-03-14T12:32:48+01:00" level=info msg="Rendered PDF in 123.319167ms"
time="2025-03-14T12:38:04+01:00" level=info msg="New request: POST localhost:3005/" requestId=1
time="2025-03-14T12:38:04+01:00" level=info msg="New request: POST localhost:3005/" requestId=2
time="2025-03-14T12:38:04+01:00" level=info msg="New request: POST localhost:3005/" requestId=3
time="2025-03-14T12:38:04+01:00" level=info msg="New request: POST localhost:3005/" requestId=4
time="2025-03-14T12:38:04+01:00" level=info msg="New request: POST localhost:3005/" requestId=5
time="2025-03-14T12:38:04+01:00" level=info msg="New request: POST localhost:3005/" requestId=6
time="2025-03-14T12:38:04+01:00" level=info msg="New request: POST localhost:3005/" requestId=7
time="2025-03-14T12:38:04+01:00" level=info msg="New request: POST localhost:3005/" requestId=8
time="2025-03-14T12:38:04+01:00" level=info msg="New request: POST localhost:3005/" requestId=9
time="2025-03-14T12:38:04+01:00" level=info msg="New request: POST localhost:3005/" requestId=10
time="2025-03-14T12:38:04+01:00" level=info msg="New request: POST localhost:3005/" requestId=17
time="2025-03-14T12:38:04+01:00" level=info msg="New request: POST localhost:3005/" requestId=11
time="2025-03-14T12:38:04+01:00" level=info msg="New request: POST localhost:3005/" requestId=12
time="2025-03-14T12:38:04+01:00" level=info msg="New request: POST localhost:3005/" requestId=19
time="2025-03-14T12:38:04+01:00" level=info msg="New request: POST localhost:3005/" requestId=20
time="2025-03-14T12:38:04+01:00" level=info msg="New request: POST localhost:3005/" requestId=16
time="2025-03-14T12:38:04+01:00" level=info msg="New request: POST localhost:3005/" requestId=18
time="2025-03-14T12:38:04+01:00" level=info msg="New request: POST localhost:3005/" requestId=13
time="2025-03-14T12:38:04+01:00" level=info msg="New request: POST localhost:3005/" requestId=14
time="2025-03-14T12:38:04+01:00" level=info msg="New request: POST localhost:3005/" requestId=15
time="2025-03-14T12:38:04+01:00" level=info msg="Got page in 313.300875ms"
time="2025-03-14T12:38:04+01:00" level=info msg="Rendering page from data URL"
time="2025-03-14T12:38:04+01:00" level=info msg="Navigating to data URL"
time="2025-03-14T12:38:04+01:00" level=info msg="Got page in 323.172875ms"
time="2025-03-14T12:38:04+01:00" level=info msg="Rendering page from data URL"
time="2025-03-14T12:38:04+01:00" level=info msg="Navigating to data URL"
time="2025-03-14T12:38:04+01:00" level=info msg="Got page in 452.768792ms"
time="2025-03-14T12:38:04+01:00" level=info msg="Rendering page from data URL"
time="2025-03-14T12:38:04+01:00" level=info msg="Navigating to data URL"
time="2025-03-14T12:38:05+01:00" level=info msg="Got page in 649.092ms"
time="2025-03-14T12:38:05+01:00" level=info msg="Rendering page from data URL"
time="2025-03-14T12:38:05+01:00" level=info msg="Navigating to data URL"
time="2025-03-14T12:38:05+01:00" level=info msg="Got page in 966.919917ms"
time="2025-03-14T12:38:05+01:00" level=info msg="Rendering page from data URL"
time="2025-03-14T12:38:05+01:00" level=info msg="Navigating to data URL"
time="2025-03-14T12:38:06+01:00" level=info msg="Page loaded in 1.365997417s"
time="2025-03-14T12:38:06+01:00" level=info msg="Printing page 'Basis bhv eerste hulp - 123-456-788 - J.H. Von Arensman'"
time="2025-03-14T12:38:06+01:00" level=info msg="Rendered PDF in 148.72ms"
time="2025-03-14T12:38:06+01:00" level=info msg="Got page in 1.846821083s"
time="2025-03-14T12:38:06+01:00" level=info msg="Rendering page from data URL"
time="2025-03-14T12:38:06+01:00" level=info msg="Navigating to data URL"
time="2025-03-14T12:38:06+01:00" level=info msg="Page loaded in 1.506602917s"
time="2025-03-14T12:38:06+01:00" level=info msg="Printing page 'Basis bhv eerste hulp - 123-456-788 - J.H. Von Arensman'"
time="2025-03-14T12:38:06+01:00" level=info msg="Rendered PDF in 125.714083ms"
time="2025-03-14T12:38:06+01:00" level=info msg="Got page in 2.092197875s"
time="2025-03-14T12:38:06+01:00" level=info msg="Rendering page from data URL"
time="2025-03-14T12:38:06+01:00" level=info msg="Navigating to data URL"
time="2025-03-14T12:38:06+01:00" level=info msg="Page loaded in 1.561011166s"
time="2025-03-14T12:38:06+01:00" level=info msg="Printing page 'Basis bhv eerste hulp - 123-456-788 - J.H. Von Arensman'"
time="2025-03-14T12:38:06+01:00" level=info msg="Page loaded in 1.403423291s"
time="2025-03-14T12:38:06+01:00" level=info msg="Printing page 'Basis bhv eerste hulp - 123-456-788 - J.H. Von Arensman'"
time="2025-03-14T12:38:06+01:00" level=info msg="Page loaded in 1.197737667s"
time="2025-03-14T12:38:06+01:00" level=info msg="Printing page 'Basis bhv eerste hulp - 123-456-788 - J.H. Von Arensman'"
time="2025-03-14T12:38:06+01:00" level=info msg="Rendered PDF in 126.177ms"
time="2025-03-14T12:38:06+01:00" level=info msg="Got page in 2.342241667s"
time="2025-03-14T12:38:06+01:00" level=info msg="Rendering page from data URL"
time="2025-03-14T12:38:06+01:00" level=info msg="Navigating to data URL"
time="2025-03-14T12:38:06+01:00" level=info msg="Rendered PDF in 205.862709ms"
time="2025-03-14T12:38:06+01:00" level=info msg="Rendered PDF in 202.006708ms"
time="2025-03-14T12:38:06+01:00" level=info msg="Got page in 2.465745459s"
time="2025-03-14T12:38:06+01:00" level=info msg="Rendering page from data URL"
time="2025-03-14T12:38:06+01:00" level=info msg="Navigating to data URL"
time="2025-03-14T12:38:07+01:00" level=info msg="Got page in 2.470488959s"
time="2025-03-14T12:38:07+01:00" level=info msg="Rendering page from data URL"
time="2025-03-14T12:38:07+01:00" level=info msg="Navigating to data URL"
time="2025-03-14T12:38:07+01:00" level=info msg="Page loaded in 1.111223166s"
time="2025-03-14T12:38:07+01:00" level=info msg="Printing page 'Basis bhv eerste hulp - 123-456-788 - J.H. Von Arensman'"
time="2025-03-14T12:38:07+01:00" level=info msg="Rendered PDF in 117.743ms"
time="2025-03-14T12:38:07+01:00" level=info msg="Got page in 3.086326875s"
time="2025-03-14T12:38:07+01:00" level=info msg="Rendering page from data URL"
time="2025-03-14T12:38:07+01:00" level=info msg="Navigating to data URL"
time="2025-03-14T12:38:07+01:00" level=info msg="Page loaded in 1.115467375s"
time="2025-03-14T12:38:07+01:00" level=info msg="Printing page 'Basis bhv eerste hulp - 123-456-788 - J.H. Von Arensman'"
time="2025-03-14T12:38:07+01:00" level=info msg="Rendered PDF in 119.6215ms"
time="2025-03-14T12:38:07+01:00" level=info msg="Got page in 3.338493792s"
time="2025-03-14T12:38:07+01:00" level=info msg="Rendering page from data URL"
time="2025-03-14T12:38:07+01:00" level=info msg="Navigating to data URL"
time="2025-03-14T12:38:07+01:00" level=info msg="Page loaded in 1.120550125s"
time="2025-03-14T12:38:07+01:00" level=info msg="Printing page 'Basis bhv eerste hulp - 123-456-788 - J.H. Von Arensman'"
time="2025-03-14T12:38:08+01:00" level=info msg="Rendered PDF in 122.47225ms"
time="2025-03-14T12:38:08+01:00" level=info msg="Got page in 3.600540708s"
time="2025-03-14T12:38:08+01:00" level=info msg="Rendering page from data URL"
time="2025-03-14T12:38:08+01:00" level=info msg="Navigating to data URL"
time="2025-03-14T12:38:08+01:00" level=info msg="Page loaded in 1.227267292s"
time="2025-03-14T12:38:08+01:00" level=info msg="Page loaded in 1.238442542s"
time="2025-03-14T12:38:08+01:00" level=info msg="Printing page 'Basis bhv eerste hulp - 123-456-788 - J.H. Von Arensman'"
time="2025-03-14T12:38:08+01:00" level=info msg="Printing page 'Basis bhv eerste hulp - 123-456-788 - J.H. Von Arensman'"
time="2025-03-14T12:38:08+01:00" level=info msg="Rendered PDF in 123.755917ms"
time="2025-03-14T12:38:08+01:00" level=info msg="Got page in 3.842645792s"
time="2025-03-14T12:38:08+01:00" level=info msg="Rendering page from data URL"
time="2025-03-14T12:38:08+01:00" level=info msg="Navigating to data URL"
time="2025-03-14T12:38:08+01:00" level=info msg="Rendered PDF in 149.556042ms"
time="2025-03-14T12:38:08+01:00" level=info msg="Got page in 3.959854s"
time="2025-03-14T12:38:08+01:00" level=info msg="Rendering page from data URL"
time="2025-03-14T12:38:08+01:00" level=info msg="Navigating to data URL"
time="2025-03-14T12:38:08+01:00" level=info msg="Page loaded in 1.107540375s"
time="2025-03-14T12:38:08+01:00" level=info msg="Printing page 'Basis bhv eerste hulp - 123-456-788 - J.H. Von Arensman'"
time="2025-03-14T12:38:08+01:00" level=info msg="Rendered PDF in 127.274458ms"
time="2025-03-14T12:38:08+01:00" level=info msg="Got page in 4.334655584s"
time="2025-03-14T12:38:08+01:00" level=info msg="Rendering page from data URL"
time="2025-03-14T12:38:08+01:00" level=info msg="Navigating to data URL"
time="2025-03-14T12:38:08+01:00" level=info msg="Page loaded in 1.108840375s"
time="2025-03-14T12:38:08+01:00" level=info msg="Printing page 'Basis bhv eerste hulp - 123-456-788 - J.H. Von Arensman'"
time="2025-03-14T12:38:09+01:00" level=info msg="Rendered PDF in 129.318375ms"
time="2025-03-14T12:38:09+01:00" level=info msg="Got page in 4.587819708s"
time="2025-03-14T12:38:09+01:00" level=info msg="Rendering page from data URL"
time="2025-03-14T12:38:09+01:00" level=info msg="Navigating to data URL"
time="2025-03-14T12:38:09+01:00" level=info msg="Page loaded in 1.108822083s"
time="2025-03-14T12:38:09+01:00" level=info msg="Printing page 'Basis bhv eerste hulp - 123-456-788 - J.H. Von Arensman'"
time="2025-03-14T12:38:09+01:00" level=info msg="Rendered PDF in 116.816708ms"
time="2025-03-14T12:38:09+01:00" level=info msg="Got page in 4.838714625s"
time="2025-03-14T12:38:09+01:00" level=info msg="Rendering page from data URL"
time="2025-03-14T12:38:09+01:00" level=info msg="Navigating to data URL"
time="2025-03-14T12:38:09+01:00" level=info msg="Page loaded in 1.116165083s"
time="2025-03-14T12:38:09+01:00" level=info msg="Printing page 'Basis bhv eerste hulp - 123-456-788 - J.H. Von Arensman'"
time="2025-03-14T12:38:09+01:00" level=info msg="Page loaded in 1.112040125s"
time="2025-03-14T12:38:09+01:00" level=info msg="Printing page 'Basis bhv eerste hulp - 123-456-788 - J.H. Von Arensman'"
time="2025-03-14T12:38:09+01:00" level=info msg="Rendered PDF in 117.731958ms"
time="2025-03-14T12:38:09+01:00" level=info msg="Got page in 5.088865666s"
time="2025-03-14T12:38:09+01:00" level=info msg="Rendering page from data URL"
time="2025-03-14T12:38:09+01:00" level=info msg="Navigating to data URL"
time="2025-03-14T12:38:09+01:00" level=info msg="Rendered PDF in 120.328584ms"
time="2025-03-14T12:38:09+01:00" level=info msg="Got page in 5.206669542s"
time="2025-03-14T12:38:09+01:00" level=info msg="Rendering page from data URL"
time="2025-03-14T12:38:09+01:00" level=info msg="Navigating to data URL"
time="2025-03-14T12:38:09+01:00" level=info msg="Page loaded in 1.110479709s"
time="2025-03-14T12:38:09+01:00" level=info msg="Printing page 'Basis bhv eerste hulp - 123-456-788 - J.H. Von Arensman'"
time="2025-03-14T12:38:10+01:00" level=info msg="Rendered PDF in 117.2765ms"
time="2025-03-14T12:38:10+01:00" level=info msg="Page loaded in 1.106186292s"
time="2025-03-14T12:38:10+01:00" level=info msg="Printing page 'Basis bhv eerste hulp - 123-456-788 - J.H. Von Arensman'"
time="2025-03-14T12:38:10+01:00" level=info msg="Rendered PDF in 115.291792ms"
time="2025-03-14T12:38:10+01:00" level=info msg="Page loaded in 1.107038791s"
time="2025-03-14T12:38:10+01:00" level=info msg="Printing page 'Basis bhv eerste hulp - 123-456-788 - J.H. Von Arensman'"
time="2025-03-14T12:38:10+01:00" level=info msg="Rendered PDF in 121.96475ms"
time="2025-03-14T12:38:10+01:00" level=info msg="Page loaded in 1.108461666s"
time="2025-03-14T12:38:10+01:00" level=info msg="Printing page 'Basis bhv eerste hulp - 123-456-788 - J.H. Von Arensman'"
time="2025-03-14T12:38:10+01:00" level=info msg="Rendered PDF in 122.480458ms"
time="2025-03-14T12:38:10+01:00" level=info msg="Page loaded in 1.117463875s"
time="2025-03-14T12:38:10+01:00" level=info msg="Printing page 'Basis bhv eerste hulp - 123-456-788 - J.H. Von Arensman'"
time="2025-03-14T12:38:10+01:00" level=info msg="Rendered PDF in 117.622084ms"
time="2025-03-14T12:40:34+01:00" level=info msg="New request: POST localhost:3005/" requestId=2
time="2025-03-14T12:40:34+01:00" level=info msg="New request: POST localhost:3005/" requestId=1
time="2025-03-14T12:40:34+01:00" level=info msg="New request: POST localhost:3005/" requestId=3
time="2025-03-14T12:40:34+01:00" level=info msg="New request: POST localhost:3005/" requestId=4
time="2025-03-14T12:40:34+01:00" level=info msg="New request: POST localhost:3005/" requestId=5
time="2025-03-14T12:40:34+01:00" level=info msg="New request: POST localhost:3005/" requestId=6
time="2025-03-14T12:40:34+01:00" level=info msg="New request: POST localhost:3005/" requestId=7
time="2025-03-14T12:40:34+01:00" level=info msg="New request: POST localhost:3005/" requestId=8
time="2025-03-14T12:40:34+01:00" level=info msg="New request: POST localhost:3005/" requestId=9
time="2025-03-14T12:40:34+01:00" level=info msg="New request: POST localhost:3005/" requestId=10
time="2025-03-14T12:40:34+01:00" level=info msg="New request: POST localhost:3005/" requestId=11
time="2025-03-14T12:40:34+01:00" level=info msg="New request: POST localhost:3005/" requestId=12
time="2025-03-14T12:40:34+01:00" level=info msg="New request: POST localhost:3005/" requestId=13
time="2025-03-14T12:40:34+01:00" level=info msg="New request: POST localhost:3005/" requestId=14
time="2025-03-14T12:40:34+01:00" level=info msg="New request: POST localhost:3005/" requestId=15
time="2025-03-14T12:40:34+01:00" level=info msg="New request: POST localhost:3005/" requestId=16
time="2025-03-14T12:40:34+01:00" level=info msg="New request: POST localhost:3005/" requestId=17
time="2025-03-14T12:40:34+01:00" level=info msg="New request: POST localhost:3005/" requestId=18
time="2025-03-14T12:40:34+01:00" level=info msg="New request: POST localhost:3005/" requestId=19
time="2025-03-14T12:40:34+01:00" level=info msg="New request: POST localhost:3005/" requestId=20
time="2025-03-14T12:40:34+01:00" level=info msg="Got page in 324.294584ms" requestId=2
time="2025-03-14T12:40:34+01:00" level=info msg="Rendering page from data URL" requestId=2
time="2025-03-14T12:40:34+01:00" level=info msg="Navigating to data URL" requestId=2
time="2025-03-14T12:40:34+01:00" level=info msg="Got page in 334.711709ms" requestId=1
time="2025-03-14T12:40:34+01:00" level=info msg="Rendering page from data URL" requestId=1
time="2025-03-14T12:40:34+01:00" level=info msg="Navigating to data URL" requestId=1
time="2025-03-14T12:40:34+01:00" level=info msg="Got page in 496.70425ms" requestId=3
time="2025-03-14T12:40:34+01:00" level=info msg="Rendering page from data URL" requestId=3
time="2025-03-14T12:40:34+01:00" level=info msg="Navigating to data URL" requestId=3
time="2025-03-14T12:40:34+01:00" level=info msg="Got page in 678.359459ms" requestId=4
time="2025-03-14T12:40:34+01:00" level=info msg="Rendering page from data URL" requestId=4
time="2025-03-14T12:40:34+01:00" level=info msg="Navigating to data URL" requestId=4
time="2025-03-14T12:40:35+01:00" level=info msg="Got page in 1.035009917s" requestId=5
time="2025-03-14T12:40:35+01:00" level=info msg="Rendering page from data URL" requestId=5
time="2025-03-14T12:40:35+01:00" level=info msg="Navigating to data URL" requestId=5
time="2025-03-14T12:40:35+01:00" level=info msg="Page loaded in 1.335918875s" requestId=2
time="2025-03-14T12:40:35+01:00" level=info msg="Printing page 'Basis bhv eerste hulp - 123-456-788 - J.H. Von Arensman'" requestId=2
time="2025-03-14T12:40:35+01:00" level=info msg="Page loaded in 1.303487s" requestId=1
time="2025-03-14T12:40:35+01:00" level=info msg="Printing page 'Basis bhv eerste hulp - 123-456-788 - J.H. Von Arensman'" requestId=1
time="2025-03-14T12:40:35+01:00" level=info msg="Rendered PDF in 145.09175ms" requestId=2
time="2025-03-14T12:40:35+01:00" level=info msg="Got page in 1.825429333s" requestId=6
time="2025-03-14T12:40:35+01:00" level=info msg="Rendering page from data URL" requestId=6
time="2025-03-14T12:40:35+01:00" level=info msg="Navigating to data URL" requestId=6
time="2025-03-14T12:40:35+01:00" level=info msg="Rendered PDF in 152.049959ms" requestId=1
time="2025-03-14T12:40:36+01:00" level=info msg="Got page in 1.930430375s" requestId=7
time="2025-03-14T12:40:36+01:00" level=info msg="Rendering page from data URL" requestId=7
time="2025-03-14T12:40:36+01:00" level=info msg="Navigating to data URL" requestId=7
time="2025-03-14T12:40:36+01:00" level=info msg="Page loaded in 1.469198625s" requestId=3
time="2025-03-14T12:40:36+01:00" level=info msg="Printing page 'Basis bhv eerste hulp - 123-456-788 - J.H. Von Arensman'" requestId=3
time="2025-03-14T12:40:36+01:00" level=info msg="Rendered PDF in 129.999208ms" requestId=3
time="2025-03-14T12:40:36+01:00" level=info msg="Got page in 2.261506833s" requestId=8
time="2025-03-14T12:40:36+01:00" level=info msg="Rendering page from data URL" requestId=8
time="2025-03-14T12:40:36+01:00" level=info msg="Navigating to data URL" requestId=8
time="2025-03-14T12:40:36+01:00" level=info msg="Page loaded in 1.247178208s" requestId=5
time="2025-03-14T12:40:36+01:00" level=info msg="Page loaded in 1.454322s" requestId=4
time="2025-03-14T12:40:36+01:00" level=info msg="Printing page 'Basis bhv eerste hulp - 123-456-788 - J.H. Von Arensman'" requestId=5
time="2025-03-14T12:40:36+01:00" level=info msg="Printing page 'Basis bhv eerste hulp - 123-456-788 - J.H. Von Arensman'" requestId=4
time="2025-03-14T12:40:36+01:00" level=info msg="Rendered PDF in 150.8165ms" requestId=4
time="2025-03-14T12:40:36+01:00" level=info msg="Got page in 2.528093792s" requestId=9
time="2025-03-14T12:40:36+01:00" level=info msg="Rendering page from data URL" requestId=9
time="2025-03-14T12:40:36+01:00" level=info msg="Navigating to data URL" requestId=9
time="2025-03-14T12:40:36+01:00" level=info msg="Rendered PDF in 175.990334ms" requestId=5
time="2025-03-14T12:40:36+01:00" level=info msg="Got page in 2.641065042s" requestId=10
time="2025-03-14T12:40:36+01:00" level=info msg="Rendering page from data URL" requestId=10
time="2025-03-14T12:40:36+01:00" level=info msg="Navigating to data URL" requestId=10
time="2025-03-14T12:40:37+01:00" level=info msg="Page loaded in 1.106777792s" requestId=6
time="2025-03-14T12:40:37+01:00" level=info msg="Printing page 'Basis bhv eerste hulp - 123-456-788 - J.H. Von Arensman'" requestId=6
time="2025-03-14T12:40:37+01:00" level=info msg="Page loaded in 1.10645475s" requestId=7
time="2025-03-14T12:40:37+01:00" level=info msg="Printing page 'Basis bhv eerste hulp - 123-456-788 - J.H. Von Arensman'" requestId=7
time="2025-03-14T12:40:37+01:00" level=info msg="Rendered PDF in 127.862625ms" requestId=6
time="2025-03-14T12:40:37+01:00" level=info msg="Got page in 3.07351925s" requestId=11
time="2025-03-14T12:40:37+01:00" level=info msg="Rendering page from data URL" requestId=11
time="2025-03-14T12:40:37+01:00" level=info msg="Navigating to data URL" requestId=11
time="2025-03-14T12:40:37+01:00" level=info msg="Rendered PDF in 135.588334ms" requestId=7
time="2025-03-14T12:40:37+01:00" level=info msg="Got page in 3.186883792s" requestId=12
time="2025-03-14T12:40:37+01:00" level=info msg="Rendering page from data URL" requestId=12
time="2025-03-14T12:40:37+01:00" level=info msg="Navigating to data URL" requestId=12
time="2025-03-14T12:40:37+01:00" level=info msg="Page loaded in 1.107105875s" requestId=8
time="2025-03-14T12:40:37+01:00" level=info msg="Printing page 'Basis bhv eerste hulp - 123-456-788 - J.H. Von Arensman'" requestId=8
time="2025-03-14T12:40:37+01:00" level=info msg="Rendered PDF in 134.263625ms" requestId=8
time="2025-03-14T12:40:37+01:00" level=info msg="Got page in 3.516053083s" requestId=13
time="2025-03-14T12:40:37+01:00" level=info msg="Rendering page from data URL" requestId=13
time="2025-03-14T12:40:37+01:00" level=info msg="Navigating to data URL" requestId=13
time="2025-03-14T12:40:37+01:00" level=info msg="Page loaded in 1.111304125s" requestId=9
time="2025-03-14T12:40:37+01:00" level=info msg="Printing page 'Basis bhv eerste hulp - 123-456-788 - J.H. Von Arensman'" requestId=9
time="2025-03-14T12:40:37+01:00" level=info msg="Page loaded in 1.106482125s" requestId=10
time="2025-03-14T12:40:37+01:00" level=info msg="Printing page 'Basis bhv eerste hulp - 123-456-788 - J.H. Von Arensman'" requestId=10
time="2025-03-14T12:40:37+01:00" level=info msg="Rendered PDF in 120.922333ms" requestId=9
time="2025-03-14T12:40:37+01:00" level=info msg="Got page in 3.773155625s" requestId=14
time="2025-03-14T12:40:37+01:00" level=info msg="Rendering page from data URL" requestId=14
time="2025-03-14T12:40:37+01:00" level=info msg="Navigating to data URL" requestId=14
time="2025-03-14T12:40:37+01:00" level=info msg="Rendered PDF in 130.968792ms" requestId=10
time="2025-03-14T12:40:37+01:00" level=info msg="Got page in 3.891530583s" requestId=15
time="2025-03-14T12:40:37+01:00" level=info msg="Rendering page from data URL" requestId=15
time="2025-03-14T12:40:37+01:00" level=info msg="Navigating to data URL" requestId=15
time="2025-03-14T12:40:38+01:00" level=info msg="Page loaded in 1.11243075s" requestId=11
time="2025-03-14T12:40:38+01:00" level=info msg="Printing page 'Basis bhv eerste hulp - 123-456-788 - J.H. Von Arensman'" requestId=11
time="2025-03-14T12:40:38+01:00" level=info msg="Page loaded in 1.108418833s" requestId=12
time="2025-03-14T12:40:38+01:00" level=info msg="Printing page 'Basis bhv eerste hulp - 123-456-788 - J.H. Von Arensman'" requestId=12
time="2025-03-14T12:40:38+01:00" level=info msg="Rendered PDF in 119.441208ms" requestId=11
time="2025-03-14T12:40:38+01:00" level=info msg="Got page in 4.3165225s" requestId=16
time="2025-03-14T12:40:38+01:00" level=info msg="Rendering page from data URL" requestId=16
time="2025-03-14T12:40:38+01:00" level=info msg="Navigating to data URL" requestId=16
time="2025-03-14T12:40:38+01:00" level=info msg="Rendered PDF in 126.170667ms" requestId=12
time="2025-03-14T12:40:38+01:00" level=info msg="Got page in 4.436455208s" requestId=17
time="2025-03-14T12:40:38+01:00" level=info msg="Rendering page from data URL" requestId=17
time="2025-03-14T12:40:38+01:00" level=info msg="Navigating to data URL" requestId=17
time="2025-03-14T12:40:38+01:00" level=info msg="Page loaded in 1.128043833s" requestId=13
time="2025-03-14T12:40:38+01:00" level=info msg="Printing page 'Basis bhv eerste hulp - 123-456-788 - J.H. Von Arensman'" requestId=13
time="2025-03-14T12:40:38+01:00" level=info msg="Rendered PDF in 117.985417ms" requestId=13
time="2025-03-14T12:40:38+01:00" level=info msg="Got page in 4.774093875s" requestId=18
time="2025-03-14T12:40:38+01:00" level=info msg="Rendering page from data URL" requestId=18
time="2025-03-14T12:40:38+01:00" level=info msg="Navigating to data URL" requestId=18
time="2025-03-14T12:40:38+01:00" level=info msg="Page loaded in 1.109596584s" requestId=14
time="2025-03-14T12:40:38+01:00" level=info msg="Printing page 'Basis bhv eerste hulp - 123-456-788 - J.H. Von Arensman'" requestId=14
time="2025-03-14T12:40:39+01:00" level=info msg="Page loaded in 1.1105135s" requestId=15
time="2025-03-14T12:40:39+01:00" level=info msg="Rendered PDF in 119.710958ms" requestId=14
time="2025-03-14T12:40:39+01:00" level=info msg="Printing page 'Basis bhv eerste hulp - 123-456-788 - J.H. Von Arensman'" requestId=15
time="2025-03-14T12:40:39+01:00" level=info msg="Got page in 5.013786041s" requestId=19
time="2025-03-14T12:40:39+01:00" level=info msg="Rendering page from data URL" requestId=19
time="2025-03-14T12:40:39+01:00" level=info msg="Navigating to data URL" requestId=19
time="2025-03-14T12:40:39+01:00" level=info msg="Rendered PDF in 125.496166ms" requestId=15
time="2025-03-14T12:40:39+01:00" level=info msg="Got page in 5.14285275s" requestId=20
time="2025-03-14T12:40:39+01:00" level=info msg="Rendering page from data URL" requestId=20
time="2025-03-14T12:40:39+01:00" level=info msg="Navigating to data URL" requestId=20
time="2025-03-14T12:40:39+01:00" level=info msg="Page loaded in 1.117874125s" requestId=16
time="2025-03-14T12:40:39+01:00" level=info msg="Printing page 'Basis bhv eerste hulp - 123-456-788 - J.H. Von Arensman'" requestId=16
time="2025-03-14T12:40:39+01:00" level=info msg="Rendered PDF in 120.557458ms" requestId=16
time="2025-03-14T12:40:39+01:00" level=info msg="Page loaded in 1.138691083s" requestId=17
time="2025-03-14T12:40:39+01:00" level=info msg="Printing page 'Basis bhv eerste hulp - 123-456-788 - J.H. Von Arensman'" requestId=17
time="2025-03-14T12:40:39+01:00" level=info msg="Rendered PDF in 114.784208ms" requestId=17
time="2025-03-14T12:40:39+01:00" level=info msg="Page loaded in 1.107660375s" requestId=18
time="2025-03-14T12:40:39+01:00" level=info msg="Printing page 'Basis bhv eerste hulp - 123-456-788 - J.H. Von Arensman'" requestId=18
time="2025-03-14T12:40:40+01:00" level=info msg="Rendered PDF in 121.2285ms" requestId=18
time="2025-03-14T12:40:40+01:00" level=info msg="Page loaded in 1.11871275s" requestId=19
time="2025-03-14T12:40:40+01:00" level=info msg="Printing page 'Basis bhv eerste hulp - 123-456-788 - J.H. Von Arensman'" requestId=19
time="2025-03-14T12:40:40+01:00" level=info msg="Page loaded in 1.104624209s" requestId=20
time="2025-03-14T12:40:40+01:00" level=info msg="Printing page 'Basis bhv eerste hulp - 123-456-788 - J.H. Von Arensman'" requestId=20
time="2025-03-14T12:40:40+01:00" level=info msg="Rendered PDF in 126.070084ms" requestId=19
time="2025-03-14T12:40:40+01:00" level=info msg="Rendered PDF in 115.992083ms" requestId=20
time="2025-03-14T12:43:25+01:00" level=info msg="New request: POST localhost:3005/" request=3
time="2025-03-14T12:43:25+01:00" level=info msg="New request: POST localhost:3005/" request=11
time="2025-03-14T12:43:25+01:00" level=info msg="New request: POST localhost:3005/" request=12
time="2025-03-14T12:43:25+01:00" level=info msg="New request: POST localhost:3005/" request=13
time="2025-03-14T12:43:25+01:00" level=info msg="New request: POST localhost:3005/" request=14
time="2025-03-14T12:43:25+01:00" level=info msg="New request: POST localhost:3005/" request=15
time="2025-03-14T12:43:25+01:00" level=info msg="New request: POST localhost:3005/" request=17
time="2025-03-14T12:43:25+01:00" level=info msg="New request: POST localhost:3005/" request=16
time="2025-03-14T12:43:25+01:00" level=info msg="New request: POST localhost:3005/" request=2
time="2025-03-14T12:43:25+01:00" level=info msg="New request: POST localhost:3005/" request=19
time="2025-03-14T12:43:25+01:00" level=info msg="New request: POST localhost:3005/" request=20
time="2025-03-14T12:43:25+01:00" level=info msg="New request: POST localhost:3005/" request=4
time="2025-03-14T12:43:25+01:00" level=info msg="New request: POST localhost:3005/" request=5
time="2025-03-14T12:43:25+01:00" level=info msg="New request: POST localhost:3005/" request=6
time="2025-03-14T12:43:25+01:00" level=info msg="New request: POST localhost:3005/" request=8
time="2025-03-14T12:43:25+01:00" level=info msg="New request: POST localhost:3005/" request=9
time="2025-03-14T12:43:25+01:00" level=info msg="New request: POST localhost:3005/" request=10
time="2025-03-14T12:43:25+01:00" level=info msg="New request: POST localhost:3005/" request=18
time="2025-03-14T12:43:25+01:00" level=info msg="New request: POST localhost:3005/" request=1
time="2025-03-14T12:43:25+01:00" level=info msg="New request: POST localhost:3005/" request=7
time="2025-03-14T12:43:26+01:00" level=info msg="Got page after 294.357917ms" request=3
time="2025-03-14T12:43:26+01:00" level=info msg="Rendering page from data URL" request=3
time="2025-03-14T12:43:26+01:00" level=info msg="Navigating to data URL" request=3
time="2025-03-14T12:43:26+01:00" level=info msg="Got page after 314.419208ms" request=13
time="2025-03-14T12:43:26+01:00" level=info msg="Rendering page from data URL" request=13
time="2025-03-14T12:43:26+01:00" level=info msg="Navigating to data URL" request=13
time="2025-03-14T12:43:26+01:00" level=info msg="Got page after 467.1405ms" request=14
time="2025-03-14T12:43:26+01:00" level=info msg="Rendering page from data URL" request=14
time="2025-03-14T12:43:26+01:00" level=info msg="Navigating to data URL" request=14
time="2025-03-14T12:43:26+01:00" level=info msg="Got page after 833.948417ms" request=11
time="2025-03-14T12:43:26+01:00" level=info msg="Rendering page from data URL" request=11
time="2025-03-14T12:43:26+01:00" level=info msg="Navigating to data URL" request=11
time="2025-03-14T12:43:26+01:00" level=info msg="Got page after 866.033542ms" request=12
time="2025-03-14T12:43:26+01:00" level=info msg="Rendering page from data URL" request=12
time="2025-03-14T12:43:26+01:00" level=info msg="Navigating to data URL" request=12
time="2025-03-14T12:43:27+01:00" level=info msg="Page loaded in 1.4344905s" request=3
time="2025-03-14T12:43:27+01:00" level=info msg="Printing page 'Basis bhv eerste hulp - 123-456-788 - J.H. Von Arensman'" request=3
time="2025-03-14T12:43:27+01:00" level=info msg="Page loaded in 1.494830417s" request=13
time="2025-03-14T12:43:27+01:00" level=info msg="Printing page 'Basis bhv eerste hulp - 123-456-788 - J.H. Von Arensman'" request=13
time="2025-03-14T12:43:27+01:00" level=info msg="Page loaded in 1.226807375s" request=14
time="2025-03-14T12:43:27+01:00" level=info msg="Printing page 'Basis bhv eerste hulp - 123-456-788 - J.H. Von Arensman'" request=14
time="2025-03-14T12:43:27+01:00" level=info msg="Rendered PDF in 147.589209ms" request=3
time="2025-03-14T12:43:27+01:00" level=info msg="Completed request after 1.592416s" request=3
time="2025-03-14T12:43:27+01:00" level=info msg="Got page after 1.895028875s" request=15
time="2025-03-14T12:43:27+01:00" level=info msg="Rendering page from data URL" request=15
time="2025-03-14T12:43:27+01:00" level=info msg="Navigating to data URL" request=15
time="2025-03-14T12:43:27+01:00" level=info msg="Rendered PDF in 155.271042ms" request=13
time="2025-03-14T12:43:27+01:00" level=info msg="Rendered PDF in 130.04275ms" request=14
time="2025-03-14T12:43:27+01:00" level=info msg="Completed request after 1.665538167s" request=13
time="2025-03-14T12:43:27+01:00" level=info msg="Got page after 2.01299325s" request=17
time="2025-03-14T12:43:27+01:00" level=info msg="Rendering page from data URL" request=17
time="2025-03-14T12:43:27+01:00" level=info msg="Navigating to data URL" request=17
time="2025-03-14T12:43:27+01:00" level=info msg="Completed request after 1.371898792s" request=14
time="2025-03-14T12:43:27+01:00" level=info msg="Got page after 2.018589209s" request=16
time="2025-03-14T12:43:27+01:00" level=info msg="Rendering page from data URL" request=16
time="2025-03-14T12:43:27+01:00" level=info msg="Navigating to data URL" request=16
time="2025-03-14T12:43:28+01:00" level=info msg="Page loaded in 1.452201875s" request=11
time="2025-03-14T12:43:28+01:00" level=info msg="Page loaded in 1.191635209s" request=12
time="2025-03-14T12:43:28+01:00" level=info msg="Printing page 'Basis bhv eerste hulp - 123-456-788 - J.H. Von Arensman'" request=11
time="2025-03-14T12:43:28+01:00" level=info msg="Printing page 'Basis bhv eerste hulp - 123-456-788 - J.H. Von Arensman'" request=12
time="2025-03-14T12:43:28+01:00" level=info msg="Rendered PDF in 122.873959ms" request=12
time="2025-03-14T12:43:28+01:00" level=info msg="Completed request after 1.322658667s" request=12
time="2025-03-14T12:43:28+01:00" level=info msg="Got page after 2.424229417s" request=2
time="2025-03-14T12:43:28+01:00" level=info msg="Rendering page from data URL" request=2
time="2025-03-14T12:43:28+01:00" level=info msg="Navigating to data URL" request=2
time="2025-03-14T12:43:28+01:00" level=info msg="Rendered PDF in 143.286458ms" request=11
time="2025-03-14T12:43:28+01:00" level=info msg="Completed request after 1.688883125s" request=11
time="2025-03-14T12:43:28+01:00" level=info msg="Got page after 2.529423542s" request=19
time="2025-03-14T12:43:28+01:00" level=info msg="Rendering page from data URL" request=19
time="2025-03-14T12:43:28+01:00" level=info msg="Navigating to data URL" request=19
time="2025-03-14T12:43:28+01:00" level=info msg="Page loaded in 1.128995542s" request=15
time="2025-03-14T12:43:28+01:00" level=info msg="Printing page 'Basis bhv eerste hulp - 123-456-788 - J.H. Von Arensman'" request=15
time="2025-03-14T12:43:28+01:00" level=info msg="Rendered PDF in 136.398ms" request=15
time="2025-03-14T12:43:28+01:00" level=info msg="Completed request after 1.274794334s" request=15
time="2025-03-14T12:43:28+01:00" level=info msg="Got page after 3.174062792s" request=20
time="2025-03-14T12:43:28+01:00" level=info msg="Rendering page from data URL" request=20
time="2025-03-14T12:43:28+01:00" level=info msg="Navigating to data URL" request=20
time="2025-03-14T12:43:29+01:00" level=info msg="Page loaded in 1.265022417s" request=17
time="2025-03-14T12:43:29+01:00" level=info msg="Page loaded in 1.253735375s" request=16
time="2025-03-14T12:43:29+01:00" level=info msg="Printing page 'Basis bhv eerste hulp - 123-456-788 - J.H. Von Arensman'" request=17
time="2025-03-14T12:43:29+01:00" level=info msg="Printing page 'Basis bhv eerste hulp - 123-456-788 - J.H. Von Arensman'" request=16
time="2025-03-14T12:43:29+01:00" level=info msg="Rendered PDF in 125.253167ms" request=16
time="2025-03-14T12:43:29+01:00" level=info msg="Completed request after 1.387235792s" request=16
time="2025-03-14T12:43:29+01:00" level=info msg="Got page after 3.415853625s" request=4
time="2025-03-14T12:43:29+01:00" level=info msg="Rendering page from data URL" request=4
time="2025-03-14T12:43:29+01:00" level=info msg="Navigating to data URL" request=4
time="2025-03-14T12:43:29+01:00" level=info msg="Rendered PDF in 232.312791ms" request=17
time="2025-03-14T12:43:29+01:00" level=info msg="Completed request after 1.506397125s" request=17
time="2025-03-14T12:43:29+01:00" level=info msg="Got page after 3.523241541s" request=5
time="2025-03-14T12:43:29+01:00" level=info msg="Rendering page from data URL" request=5
time="2025-03-14T12:43:29+01:00" level=info msg="Navigating to data URL" request=5
time="2025-03-14T12:43:29+01:00" level=info msg="Page loaded in 1.214778167s" request=2
time="2025-03-14T12:43:29+01:00" level=info msg="Printing page 'Basis bhv eerste hulp - 123-456-788 - J.H. Von Arensman'" request=2
time="2025-03-14T12:43:29+01:00" level=info msg="Page loaded in 1.125337833s" request=19
time="2025-03-14T12:43:29+01:00" level=info msg="Printing page 'Basis bhv eerste hulp - 123-456-788 - J.H. Von Arensman'" request=19
time="2025-03-14T12:43:29+01:00" level=info msg="Rendered PDF in 119.545458ms" request=2
time="2025-03-14T12:43:29+01:00" level=info msg="Completed request after 1.342723292s" request=2
time="2025-03-14T12:43:29+01:00" level=info msg="Got page after 3.770011917s" request=6
time="2025-03-14T12:43:29+01:00" level=info msg="Rendering page from data URL" request=6
time="2025-03-14T12:43:29+01:00" level=info msg="Navigating to data URL" request=6
time="2025-03-14T12:43:29+01:00" level=info msg="Rendered PDF in 124.359209ms" request=19
time="2025-03-14T12:43:29+01:00" level=info msg="Completed request after 1.344024458s" request=19
time="2025-03-14T12:43:29+01:00" level=info msg="Got page after 3.87756875s" request=8
time="2025-03-14T12:43:29+01:00" level=info msg="Rendering page from data URL" request=8
time="2025-03-14T12:43:29+01:00" level=info msg="Navigating to data URL" request=8
time="2025-03-14T12:43:30+01:00" level=info msg="Page loaded in 1.129328209s" request=20
time="2025-03-14T12:43:30+01:00" level=info msg="Printing page 'Basis bhv eerste hulp - 123-456-788 - J.H. Von Arensman'" request=20
time="2025-03-14T12:43:30+01:00" level=info msg="Rendered PDF in 132.958958ms" request=20
time="2025-03-14T12:43:30+01:00" level=info msg="Completed request after 1.272561084s" request=20
time="2025-03-14T12:43:30+01:00" level=info msg="Got page after 4.450183083s" request=9
time="2025-03-14T12:43:30+01:00" level=info msg="Rendering page from data URL" request=9
time="2025-03-14T12:43:30+01:00" level=info msg="Navigating to data URL" request=9
time="2025-03-14T12:43:30+01:00" level=info msg="Page loaded in 1.132403584s" request=4
time="2025-03-14T12:43:30+01:00" level=info msg="Printing page 'Basis bhv eerste hulp - 123-456-788 - J.H. Von Arensman'" request=4
time="2025-03-14T12:43:30+01:00" level=info msg="Page loaded in 1.121075s" request=5
time="2025-03-14T12:43:30+01:00" level=info msg="Printing page 'Basis bhv eerste hulp - 123-456-788 - J.H. Von Arensman'" request=5
time="2025-03-14T12:43:30+01:00" level=info msg="Rendered PDF in 117.728417ms" request=4
time="2025-03-14T12:43:30+01:00" level=info msg="Completed request after 1.258029417s" request=4
time="2025-03-14T12:43:30+01:00" level=info msg="Got page after 4.677109833s" request=10
time="2025-03-14T12:43:30+01:00" level=info msg="Rendering page from data URL" request=10
time="2025-03-14T12:43:30+01:00" level=info msg="Navigating to data URL" request=10
time="2025-03-14T12:43:30+01:00" level=info msg="Rendered PDF in 128.044666ms" request=5
time="2025-03-14T12:43:30+01:00" level=info msg="Completed request after 1.258178958s" request=5
time="2025-03-14T12:43:30+01:00" level=info msg="Got page after 4.785646333s" request=18
time="2025-03-14T12:43:30+01:00" level=info msg="Rendering page from data URL" request=18
time="2025-03-14T12:43:30+01:00" level=info msg="Navigating to data URL" request=18
time="2025-03-14T12:43:30+01:00" level=info msg="Page loaded in 1.211981s" request=6
time="2025-03-14T12:43:30+01:00" level=info msg="Printing page 'Basis bhv eerste hulp - 123-456-788 - J.H. Von Arensman'" request=6
time="2025-03-14T12:43:30+01:00" level=info msg="Page loaded in 1.126074583s" request=8
time="2025-03-14T12:43:30+01:00" level=info msg="Printing page 'Basis bhv eerste hulp - 123-456-788 - J.H. Von Arensman'" request=8
time="2025-03-14T12:43:30+01:00" level=info msg="Rendered PDF in 122.376ms" request=6
time="2025-03-14T12:43:30+01:00" level=info msg="Completed request after 1.344425083s" request=6
time="2025-03-14T12:43:30+01:00" level=info msg="Got page after 5.118019417s" request=1
time="2025-03-14T12:43:30+01:00" level=info msg="Rendering page from data URL" request=1
time="2025-03-14T12:43:30+01:00" level=info msg="Navigating to data URL" request=1
time="2025-03-14T12:43:30+01:00" level=info msg="Rendered PDF in 123.179916ms" request=8
time="2025-03-14T12:43:30+01:00" level=info msg="Completed request after 1.25751075s" request=8
time="2025-03-14T12:43:30+01:00" level=info msg="Got page after 5.138333292s" request=7
time="2025-03-14T12:43:30+01:00" level=info msg="Rendering page from data URL" request=7
time="2025-03-14T12:43:30+01:00" level=info msg="Navigating to data URL" request=7
time="2025-03-14T12:43:31+01:00" level=info msg="Page loaded in 1.131815417s" request=9
time="2025-03-14T12:43:31+01:00" level=info msg="Printing page 'Basis bhv eerste hulp - 123-456-788 - J.H. Von Arensman'" request=9
time="2025-03-14T12:43:31+01:00" level=info msg="Rendered PDF in 127.838291ms" request=9
time="2025-03-14T12:43:31+01:00" level=info msg="Completed request after 1.26913975s" request=9
time="2025-03-14T12:43:31+01:00" level=info msg="Page loaded in 1.127659416s" request=10
time="2025-03-14T12:43:31+01:00" level=info msg="Printing page 'Basis bhv eerste hulp - 123-456-788 - J.H. Von Arensman'" request=10
time="2025-03-14T12:43:31+01:00" level=info msg="Page loaded in 1.118948666s" request=18
time="2025-03-14T12:43:31+01:00" level=info msg="Printing page 'Basis bhv eerste hulp - 123-456-788 - J.H. Von Arensman'" request=18
time="2025-03-14T12:43:31+01:00" level=info msg="Rendered PDF in 120.453291ms" request=10
time="2025-03-14T12:43:31+01:00" level=info msg="Completed request after 1.256483416s" request=10
time="2025-03-14T12:43:31+01:00" level=info msg="Rendered PDF in 114.447333ms" request=18
time="2025-03-14T12:43:31+01:00" level=info msg="Completed request after 1.243281333s" request=18
time="2025-03-14T12:43:32+01:00" level=info msg="Page loaded in 1.204380041s" request=7
time="2025-03-14T12:43:32+01:00" level=info msg="Page loaded in 1.225803625s" request=1
time="2025-03-14T12:43:32+01:00" level=info msg="Printing page 'Basis bhv eerste hulp - 123-456-788 - J.H. Von Arensman'" request=7
time="2025-03-14T12:43:32+01:00" level=info msg="Printing page 'Basis bhv eerste hulp - 123-456-788 - J.H. Von Arensman'" request=1
time="2025-03-14T12:43:32+01:00" level=info msg="Rendered PDF in 132.691292ms" request=7
time="2025-03-14T12:43:32+01:00" level=info msg="Completed request after 1.347051041s" request=7
time="2025-03-14T12:43:32+01:00" level=info msg="Rendered PDF in 152.668542ms" request=1
time="2025-03-14T12:43:32+01:00" level=info msg="Completed request after 1.386614125s" request=1
